maf_file,full_barcode,patient_id,sample_id,total_mutations,nonsynonymous_mutations,TMB,molecular_subtype,subtype_source,gender,vital_status,days_to_death,age_at_diagnosis,days_to_last_follow_up,age_years,OS_MONTHS,OS_STATUS
0012809b-e4e6-466a-96f0-24311e4d4120.wxs.aliquot_ensemble_masked.maf,TCGA-CD-A4MJ-01A-11D-A25D-08,TCGA-CD-A4MJ,TCGA-CD-A4MJ-01,799,616,20.53333333333333,MSI,official_TCGA,male,Alive,,22001.0,,60.23545516769336,12.62451918,0:LIVING
003c71bc-dd16-47bb-a664-8ad58ccdb385.wxs.aliquot_ensemble_masked.maf,TCGA-BR-8284-01A-11D-2340-08,TCGA-BR-8284,TCGA-BR-8284-01,327,237,7.9,POLE,official_TCGA,female,Dead,245.0,26526.0,245.0,72.62422997946612,8.05470625,1:DECEASED
00a568ff-501b-4d20-9500-353c70387132.wxs.aliquot_ensemble_masked.maf,TCGA-VQ-AA6A-01A-11D-A410-08,TCGA-VQ-AA6A,TCGA-VQ-AA6A-01,104,75,2.5,CIN,official_TCGA,male,Alive,,20764.0,1184.0,56.84873374401095,38.92560082,0:LIVING
00a5ab0d-f04a-4aed-b346-32d49275c4e6.wxs.aliquot_ensemble_masked.maf,TCGA-HU-8602-01A-11D-2394-08,TCGA-HU-8602,TCGA-HU-8602-01,1963,1465,48.833333333333336,MSI,official_TCGA,female,Alive,,21522.0,679.0,58.92402464065709,22.32304304,0:LIVING
00eb9331-7818-400b-912e-75081001a1c0.wxs.aliquot_ensemble_masked.maf,TCGA-BR-8590-01A-11D-2394-08,TCGA-BR-8590,TCGA-BR-8590-01,112,85,2.833333333333333,CIN,official_TCGA,male,Dead,284.0,22937.0,284.0,62.79808350444901,9.336883979,1:DECEASED
0124b173-945f-4916-ba17-2cee5406bbc1.wxs.aliquot_ensemble_masked.maf,TCGA-BR-6563-01A-13D-2053-08,TCGA-BR-6563,TCGA-BR-6563-01,59,48,1.6,GS,official_TCGA,male,Alive,,21936.0,1190.0,60.05749486652977,39.12285893,0:LIVING
013474eb-64dd-4968-8b04-7dec4a3abda9.wxs.aliquot_ensemble_masked.maf,TCGA-ZQ-A9CR-01A-11D-A397-08,TCGA-ZQ-A9CR,TCGA-ZQ-A9CR-01,118,86,2.8666666666666667,CIN,official_TCGA,female,Dead,24.0,29107.0,24.0,79.69062286105407,0.789032449,1:DECEASED
01e47148-0a31-4903-ab1c-aeef04acd019.wxs.aliquot_ensemble_masked.maf,TCGA-CG-4476-01A-01D-1158-08,TCGA-CG-4476,TCGA-CG-4476-01,119,99,3.3,CIN,official_TCGA,male,Alive,,,,,0.0,0:LIVING
0220c0cf-ca42-48b0-ac2e-a01e707d985e.wxs.aliquot_ensemble_masked.maf,TCGA-VQ-A94O-01A-11D-A410-08,TCGA-VQ-A94O,TCGA-VQ-A94O-01,72,50,1.6666666666666667,CIN,official_TCGA,male,Dead,640.0,27306.0,640.0,74.75975359342915,21.04086531,1:DECEASED
03374277-73b8-49b6-ba3f-5d0f9bcca2f5.wxs.aliquot_ensemble_masked.maf,TCGA-BR-6456-01A-11D-1800-08,TCGA-BR-6456,TCGA-BR-6456-01,47,35,1.1666666666666667,CIN,official_TCGA,female,Dead,526.0,27288.0,526.0,74.71047227926078,17.29296117,1:DECEASED
04103b6d-d9a1-4428-a5cb-bfacba073226.wxs.aliquot_ensemble_masked.maf,TCGA-VQ-AA68-01A-11D-A410-08,TCGA-VQ-AA68,TCGA-VQ-AA68-01,181,144,4.8,CIN,official_TCGA,female,Alive,,19304.0,1328.0,52.851471594798085,43.65979551,0:LIVING
061b73a0-4a72-4038-9108-6ac4d55b5f0c.wxs.aliquot_ensemble_masked.maf,TCGA-HU-A4GX-01A-12D-A25D-08,TCGA-HU-A4GX,TCGA-HU-A4GX-01,1479,1132,37.73333333333333,MSI,official_TCGA,female,Alive,,25913.0,616.0,70.94592744695414,20.25183286,0:LIVING
068355a9-69f0-41ae-ba31-8f3d47d56dfd.wxs.aliquot_ensemble_masked.maf,TCGA-CD-5802-01A-11D-1600-08,TCGA-CD-5802,TCGA-CD-5802-01,57,41,1.3666666666666667,,unknown,male,Alive,,21331.0,406.0,58.40109514031485,13.34779893,0:LIVING
06d19120-8932-4bda-b398-ff6f88103124.wxs.aliquot_ensemble_masked.maf,TCGA-BR-8683-01A-11D-2394-08,TCGA-BR-8683,TCGA-BR-8683-01,155,113,3.7666666666666666,CIN,official_TCGA,male,Dead,300.0,27549.0,300.0,75.42505133470226,9.862905612,1:DECEASED
070a32f9-f34a-42f0-890a-81154fc2e585.wxs.aliquot_ensemble_masked.maf,TCGA-EQ-5647-01A-01D-1600-08,TCGA-EQ-5647,TCGA-EQ-5647-01,82,60,2.0,,unknown,female,Dead,19.0,31431.0,19.0,86.05338809034907,0.624650689,1:DECEASED
076beb5c-cee7-40eb-b7f9-be4ef22114fe.wxs.aliquot_ensemble_masked.maf,TCGA-BR-8381-01A-11D-2394-08,TCGA-BR-8381,TCGA-BR-8381-01,125,86,2.8666666666666667,EBV,official_TCGA,male,Alive,,18843.0,224.0,51.58932238193019,7.364302857,0:LIVING
08a36774-6872-4677-80d4-015b6897dcbe.wxs.aliquot_ensemble_masked.maf,TCGA-VQ-A91S-01A-11D-A410-08,TCGA-VQ-A91S,TCGA-VQ-A91S-01,275,203,6.766666666666667,CIN,official_TCGA,male,Alive,,23187.0,1000.0,63.48254620123203,32.87635204,0:LIVING
08bbc00e-4e6f-4220-9ceb-ddd8e38c672d.wxs.aliquot_ensemble_masked.maf,TCGA-D7-A6EX-01A-11D-A31L-08,TCGA-D7-A6EX,TCGA-D7-A6EX-01,129,97,3.2333333333333334,CIN,official_TCGA,female,Alive,,26525.0,344.0,72.62149212867898,11.3094651,0:LIVING
08ccda77-4045-4568-b11a-98551cfdf0fe.wxs.aliquot_ensemble_masked.maf,TCGA-BR-8589-01A-11D-2394-08,TCGA-BR-8589,TCGA-BR-8589-01,1187,927,30.9,EBV,official_TCGA,male,Alive,,20727.0,825.0,56.747433264887064,27.12299043,0:LIVING
0b53e61e-60ee-404b-8922-1afbd528ec83.wxs.aliquot_ensemble_masked.maf,TCGA-VQ-A8PD-01A-11D-A410-08,TCGA-VQ-A8PD,TCGA-VQ-A8PD-01,62,51,1.7,GS,official_TCGA,male,Dead,496.0,25378.0,,69.48117727583846,16.30667061,1:DECEASED
0ca379de-06a8-45af-a319-6fd8955e2a4d.wxs.aliquot_ensemble_masked.maf,TCGA-BR-6452-01A-12D-1800-08,TCGA-BR-6452,TCGA-BR-6452-01,5014,3758,125.26666666666668,MSI,official_TCGA,female,Alive,,28827.0,1055.0,78.92402464065708,34.6845514,0:LIVING
0cdbe169-27dc-4051-90f4-7ba52af9909e.wxs.aliquot_ensemble_masked.maf,TCGA-HF-A5NB-01A-11D-A31L-08,TCGA-HF-A5NB,TCGA-HF-A5NB-01,1653,1260,42.0,MSI,official_TCGA,female,Alive,,,928.0,,30.50925469,0:LIVING
0d728b04-118c-43c6-9b35-e0409a30ecde.wxs.aliquot_ensemble_masked.maf,TCGA-RD-A8N1-01A-12D-A364-08,TCGA-RD-A8N1,TCGA-RD-A8N1-01,108,84,2.8,CIN,official_TCGA,male,Alive,,25737.0,3519.0,70.46406570841889,115.6918828,0:LIVING
0d9a2d9d-b0be-46b8-a3cd-71f0904f85a7.wxs.aliquot_ensemble_masked.maf,TCGA-D7-A4Z0-01A-22D-A25D-08,TCGA-D7-A4Z0,TCGA-D7-A4Z0-01,325,259,8.633333333333333,GS,official_TCGA,female,Alive,,22129.0,449.0,60.58590006844627,14.76148207,0:LIVING
0da1f2d0-e79d-4f71-b22a-b486555969b0.wxs.aliquot_ensemble_masked.maf,TCGA-BR-A44T-01A-32D-A24D-08,TCGA-BR-A44T,TCGA-BR-A44T-01,14,7,0.2333333333333333,GS,official_TCGA,female,Alive,,20089.0,,55.00068446269678,34.12565342,0:LIVING
0e20effa-4af8-4108-be9a-8edfb49115db.wxs.aliquot_ensemble_masked.maf,TCGA-BR-8690-01A-11D-2394-08,TCGA-BR-8690,TCGA-BR-8690-01,167,124,4.133333333333334,,unknown,female,Alive,,19855.0,325.0,54.36002737850787,10.68481441,0:LIVING
0e9fbbb8-9b6b-428b-b781-0b5fbd43aa20.wxs.aliquot_ensemble_masked.maf,TCGA-BR-4363-01A-01D-1158-08,TCGA-BR-4363,TCGA-BR-4363-01,704,544,18.133333333333333,MSI,official_TCGA,female,Alive,,22196.0,0.0,60.76933607118412,0.0,0:LIVING
0eef70e6-29d1-4edd-9226-c777676fa0e8.wxs.aliquot_ensemble_masked.maf,TCGA-BR-8591-01A-11D-2394-08,TCGA-BR-8591,TCGA-BR-8591-01,1792,1372,45.73333333333333,MSI,official_TCGA,male,Alive,,29054.0,856.0,79.54551676933607,28.14215735,0:LIVING
0f0761a4-9704-4201-ab1f-c358af85283f.wxs.aliquot_ensemble_masked.maf,TCGA-CG-5718-01A-11D-1600-08,TCGA-CG-5718,TCGA-CG-5718-01,88,64,2.1333333333333333,CIN,official_TCGA,female,Dead,1095.0,28763.0,1095.0,78.74880219028063,35.99960548,1:DECEASED
0fbcb991-b341-4a1e-b4c1-d2cf0d3447a6.wxs.aliquot_ensemble_masked.maf,TCGA-HU-A4GJ-01A-11D-A25D-08,TCGA-HU-A4GJ,TCGA-HU-A4GJ-01,4,2,0.0666666666666666,,unknown,female,Alive,,22079.0,650.0,60.44900752908966,21.36962883,0:LIVING
108978d0-7706-4782-923d-f50691c09576.wxs.aliquot_ensemble_masked.maf,TCGA-BR-8384-01A-21D-2394-08,TCGA-BR-8384,TCGA-BR-8384-01,45,36,1.2,GS,official_TCGA,male,Alive,,25281.0,113.0,69.21560574948666,3.715027781,0:LIVING
1162e4be-e31a-43dc-98ce-60f67d3ebecd.wxs.aliquot_ensemble_masked.maf,TCGA-VQ-A8PQ-01A-11D-A410-08,TCGA-VQ-A8PQ,TCGA-VQ-A8PQ-01,8,5,0.1666666666666666,GS,official_TCGA,female,Dead,476.0,18409.0,,50.40109514031485,15.64914357,1:DECEASED
12341421-c775-46cb-818e-759ce6769608.wxs.aliquot_ensemble_masked.maf,TCGA-BR-6453-01A-11D-1800-08,TCGA-BR-6453,TCGA-BR-6453-01,195,146,4.866666666666666,GS,official_TCGA,male,Alive,,20061.0,485.0,54.92402464065709,15.94503074,0:LIVING
12457c29-a67c-42d6-9d02-fa209060348e.wxs.aliquot_ensemble_masked.maf,TCGA-HU-A4H0-01A-11D-A25D-08,TCGA-HU-A4H0,TCGA-HU-A4H0-01,188,133,4.433333333333334,EBV,official_TCGA,male,Alive,,26317.0,64.0,72.05201916495551,2.104086531,0:LIVING
12913934-0d4d-47eb-8c72-2e7822985fa8.wxs.aliquot_ensemble_masked.maf,TCGA-CG-5723-01A-11D-1600-08,TCGA-CG-5723,TCGA-CG-5723-01,2063,1573,52.43333333333333,MSI,official_TCGA,male,Alive,,30376.0,2496.0,83.16495550992471,105.0728211,0:LIVING
133c6585-d22c-4971-9ad5-863c9f1b57aa.wxs.aliquot_ensemble_masked.maf,TCGA-VQ-A8E2-01A-11D-A364-08,TCGA-VQ-A8E2,TCGA-VQ-A8E2-01,121,94,3.1333333333333333,CIN,official_TCGA,male,Alive,,21112.0,1319.0,57.80150581793292,43.36390834,0:LIVING
136c5d7c-1203-43fd-b87f-1de5d2c74168.wxs.aliquot_ensemble_masked.maf,TCGA-HU-A4HD-01A-11D-A25D-08,TCGA-HU-A4HD,TCGA-HU-A4HD-01,203,151,5.033333333333333,CIN,official_TCGA,male,Alive,,26699.0,1016.0,73.09787816563997,33.40237367,0:LIVING
1491e314-c0f2-47fe-a554-4ce77b15068e.wxs.aliquot_ensemble_masked.maf,TCGA-CD-A486-01A-11D-A24D-08,TCGA-CD-A486,TCGA-CD-A486-01,100,79,2.6333333333333333,CIN,official_TCGA,male,Dead,192.0,24958.0,,68.33127994524298,6.312259592,1:DECEASED
149722c1-9bd7-4295-95c8-45f0243680f1.wxs.aliquot_ensemble_masked.maf,TCGA-BR-8059-01A-11D-2340-08,TCGA-BR-8059,TCGA-BR-8059-01,806,637,21.23333333333333,MSI,official_TCGA,male,Dead,439.0,26474.0,439.0,72.48186173853524,14.43271855,1:DECEASED
14f3ff4b-ab67-456f-bc34-dd73f0226a99.wxs.aliquot_ensemble_masked.maf,TCGA-D7-8573-01A-11D-2340-08,TCGA-D7-8573,TCGA-D7-8573-01,87,64,2.1333333333333333,EBV,official_TCGA,male,Alive,,20963.0,593.0,57.39356605065024,19.49567676,0:LIVING
15dedd34-208e-4a20-96b0-b73c7cb23ae1.wxs.aliquot_ensemble_masked.maf,TCGA-VQ-A8DL-01A-11D-A364-08,TCGA-VQ-A8DL,TCGA-VQ-A8DL-01,172,150,5.0,,unknown,female,Dead,28.0,25299.0,28.0,69.26488706365502,0.920537857,1:DECEASED
167ed969-5174-4511-b753-23b62d4d2239.wxs.aliquot_ensemble_masked.maf,TCGA-CG-4465-01A-01D-1158-08,TCGA-CG-4465,TCGA-CG-4465-01,736,569,18.966666666666665,MSI,official_TCGA,female,Dead,274.0,25233.0,274.0,69.08418891170432,9.008120459,1:DECEASED
17b76fcd-ef42-4d62-8d32-83e965995231.wxs.aliquot_ensemble_masked.maf,TCGA-HU-A4H6-01A-11D-A25D-08,TCGA-HU-A4H6,TCGA-HU-A4H6-01,104,76,2.533333333333333,CIN,official_TCGA,female,Alive,,26445.0,644.0,72.40246406570841,21.17237071,0:LIVING
17bff4d8-6167-40b1-91b5-420d09a3deab.wxs.aliquot_ensemble_masked.maf,TCGA-BR-6852-01A-11D-1882-08,TCGA-BR-6852,TCGA-BR-6852-01,1229,928,30.933333333333334,MSI,official_TCGA,female,Alive,,23469.0,1367.0,64.25462012320328,44.94197324,0:LIVING
17f0c9b1-b429-48e4-8d66-33af940d5191.wxs.aliquot_ensemble_masked.maf,TCGA-VQ-A92D-01A-11D-A410-08,TCGA-VQ-A92D,TCGA-VQ-A92D-01,143,98,3.2666666666666666,CIN,official_TCGA,male,Alive,,24595.0,2032.0,67.33744010951403,66.80474735,0:LIVING
188b758a-25b3-4e78-a765-f53d72edc24d.wxs.aliquot_ensemble_masked.maf,TCGA-BR-4370-01A-01D-1158-08,TCGA-BR-4370,TCGA-BR-4370-01,1279,967,32.233333333333334,MSI,official_TCGA,female,Alive,,27344.0,0.0,74.86379192334017,0.0,0:LIVING
1a9c15ae-f997-4cb9-b891-e9c3ebf319e9.wxs.aliquot_ensemble_masked.maf,TCGA-BR-A4PF-01A-11D-A25D-08,TCGA-BR-A4PF,TCGA-BR-A4PF-01,111,93,3.1,CIN,official_TCGA,male,Alive,,26412.0,35.0,72.31211498973306,1.150672321,0:LIVING
1b215a02-8669-443e-9df0-ac742f80b39c.wxs.aliquot_ensemble_masked.maf,TCGA-BR-8370-01A-11D-2340-08,TCGA-BR-8370,TCGA-BR-8370-01,124,88,2.933333333333333,,unknown,male,Alive,,23636.0,101.0,64.71184120465435,3.320511556,0:LIVING
1bf7047a-4a1c-4115-9ded-72d6ef236735.wxs.aliquot_ensemble_masked.maf,TCGA-MX-A666-01A-11D-A31L-08,TCGA-MX-A666,TCGA-MX-A666-01,112,85,2.833333333333333,CIN,official_TCGA,male,Alive,,22288.0,427.0,61.021218343600275,14.03820232,0:LIVING
1c9e29bd-08e7-4c73-91ba-03a5571f0bcf.wxs.aliquot_ensemble_masked.maf,TCGA-CG-4474-01A-02D-1158-08,TCGA-CG-4474,TCGA-CG-4474-01,94,73,2.433333333333333,GS,official_TCGA,female,Alive,,24686.0,0.0,67.58658453114305,0.0,0:LIVING
1d02db2b-a309-4a65-8256-6056682720a5.wxs.aliquot_ensemble_masked.maf,TCGA-D7-6519-01A-11D-1800-08,TCGA-D7-6519,TCGA-D7-6519-01,54,40,1.3333333333333333,CIN,official_TCGA,female,Alive,,23413.0,625.0,64.10130047912389,20.54772003,0:LIVING
1d1ae48d-dcd1-4035-835b-b85c4d2b2a53.wxs.aliquot_ensemble_masked.maf,TCGA-FP-8631-01A-11D-2394-08,TCGA-FP-8631,TCGA-FP-8631-01,109,74,2.466666666666667,CIN,official_TCGA,male,Alive,,24898.0,17.0,68.16700889801506,0.558897985,0:LIVING
1d424271-11fd-4464-98df-58d409609d7a.wxs.aliquot_ensemble_masked.maf,TCGA-BR-4191-01A-02D-1126-08,TCGA-BR-4191,TCGA-BR-4191-01,230,176,5.866666666666666,CIN,official_TCGA,male,Dead,558.0,26562.0,558.0,72.72279260780287,18.34500444,1:DECEASED
1d8c584d-e827-4b4e-8aa4-12b9c9744d2b.wxs.aliquot_ensemble_masked.maf,TCGA-FP-8211-01A-11D-2340-08,TCGA-FP-8211,TCGA-FP-8211-01,113,92,3.066666666666667,CIN,official_TCGA,male,Alive,,22957.0,413.0,62.85284052019165,13.57793339,0:LIVING
1da80720-b6d0-451e-850a-933a8810c2c7.wxs.aliquot_ensemble_masked.maf,TCGA-BR-A4QI-01A-12D-A25D-08,TCGA-BR-A4QI,TCGA-BR-A4QI-01,135,100,3.333333333333333,CIN,official_TCGA,female,Dead,652.0,26311.0,,72.03559206023272,21.43538153,1:DECEASED
1e714668-088f-48da-9560-89b0854ff6a6.wxs.aliquot_ensemble_masked.maf,TCGA-EQ-A4SO-01A-11D-A25D-08,TCGA-EQ-A4SO,TCGA-EQ-A4SO-01,194,151,5.033333333333333,CIN,official_TCGA,male,Alive,,,,,16.24091791,0:LIVING
1f449edb-97c0-4e56-b095-fecee631cd99.wxs.aliquot_ensemble_masked.maf,TCGA-KB-A93H-01A-11D-A397-08,TCGA-KB-A93H,TCGA-KB-A93H-01,232,163,5.433333333333334,,unknown,female,Alive,,28966.0,1145.0,79.30458590006845,37.64342309,0:LIVING
1fb42a84-f414-4d4f-88d1-180e0dfd9fdf.wxs.aliquot_ensemble_masked.maf,TCGA-HU-A4H2-01A-11D-A25D-08,TCGA-HU-A4H2,TCGA-HU-A4H2-01,182,139,4.633333333333334,CIN,official_TCGA,female,Alive,,21496.0,394.0,58.85284052019165,12.9532827,0:LIVING
2061f9b9-ac70-4f91-a8f1-5ed83fd7b334.wxs.aliquot_ensemble_masked.maf,TCGA-B7-5816-01A-21D-1600-08,TCGA-B7-5816,TCGA-B7-5816-01,1297,1015,33.833333333333336,MSI,official_TCGA,female,Alive,,18698.0,812.0,51.19233401779603,26.69559786,0:LIVING
21deceb1-d3bb-4f21-9a03-c8e4a8124101.wxs.aliquot_ensemble_masked.maf,TCGA-3M-AB47-01A-22D-A410-08,TCGA-3M-AB47,TCGA-3M-AB47-01,126,94,3.1333333333333333,GS,official_TCGA,male,Dead,,,,,,1:DECEASED
21f38125-46de-4891-89a6-94635538901e.wxs.aliquot_ensemble_masked.maf,TCGA-FP-8210-01A-11D-2340-08,TCGA-FP-8210,TCGA-FP-8210-01,3,3,0.1,GS,official_TCGA,male,Dead,153.0,17562.0,153.0,48.082135523613964,5.030081862,1:DECEASED
2428442e-aa98-447f-9e90-a2a1fd1f8cf0.wxs.aliquot_ensemble_masked.maf,TCGA-D7-6815-01A-11D-1882-08,TCGA-D7-6815,TCGA-D7-6815-01,142,92,3.066666666666667,CIN,official_TCGA,female,Alive,,25811.0,486.0,70.66666666666667,15.97790709,0:LIVING
254290bc-0865-46a8-984a-243086186c82.wxs.aliquot_ensemble_masked.maf,TCGA-KB-A93J-01A-11D-A397-08,TCGA-KB-A93J,TCGA-KB-A93J-01,163,151,5.033333333333333,CIN,official_TCGA,male,Alive,,28599.0,1124.0,78.29979466119096,36.95301969,0:LIVING
255af841-5239-41b8-987e-cd9d5b25e372.wxs.aliquot_ensemble_masked.maf,TCGA-VQ-A91X-01A-12D-A410-08,TCGA-VQ-A91X,TCGA-VQ-A91X-01,230,181,6.033333333333333,CIN,official_TCGA,male,Dead,289.0,27314.0,289.0,74.78165639972622,9.50126574,1:DECEASED
25bf9bff-8f2b-4e76-88bc-d384519b5247.wxs.aliquot_ensemble_masked.maf,TCGA-VQ-AA69-01A-11D-A410-08,TCGA-VQ-AA69,TCGA-VQ-AA69-01,74,50,1.6666666666666667,EBV,official_TCGA,male,Alive,,13087.0,864.0,35.83025325119781,28.40516816,0:LIVING
26518c53-e6ea-4c6a-bd6c-3fd9788982d8.wxs.aliquot_ensemble_masked.maf,TCGA-HU-A4GT-01A-21D-A25D-08,TCGA-HU-A4GT,TCGA-HU-A4GT-01,1695,1284,42.8,MSI,official_TCGA,female,Alive,,26231.0,198.0,71.81656399726215,6.509517704,0:LIVING
26e52b1a-fd6d-455f-b797-9d7b140a149d.wxs.aliquot_ensemble_masked.maf,TCGA-BR-8382-01A-11D-2394-08,TCGA-BR-8382,TCGA-BR-8382-01,1088,827,27.566666666666663,MSI,official_TCGA,female,Dead,762.0,24737.0,762.0,67.7262149212868,25.05178025,1:DECEASED
275e54b5-663a-4960-80ca-ba185e559ad7.wxs.aliquot_ensemble_masked.maf,TCGA-IN-AB1V-01A-21D-A410-08,TCGA-IN-AB1V,TCGA-IN-AB1V-01,57,37,1.2333333333333334,CIN,official_TCGA,male,Alive,,23030.0,479.0,63.05270362765229,15.74777263,0:LIVING
27b45c7e-a8c1-4f7d-9732-7a6ad430cb92.wxs.aliquot_ensemble_masked.maf,TCGA-FP-A9TM-01A-11D-A397-08,TCGA-FP-A9TM,TCGA-FP-A9TM-01,162,117,3.9,CIN,official_TCGA,male,Alive,,28376.0,189.0,77.6892539356605,6.213630536,0:LIVING
27bd2108-40cb-4092-b4c2-0aab47afd788.wxs.aliquot_ensemble_masked.maf,TCGA-FP-7735-01A-11D-2053-08,TCGA-FP-7735,TCGA-FP-7735-01,58,42,1.4,CIN,official_TCGA,male,Dead,106.0,28232.0,106.0,77.29500342231348,3.484893316,1:DECEASED
27de7cd4-ab23-46b9-9ab7-18c680079434.wxs.aliquot_ensemble_masked.maf,TCGA-CD-8527-01A-11D-2340-08,TCGA-CD-8527,TCGA-CD-8527-01,278,198,6.6,,unknown,female,Dead,218.0,26662.0,,72.99657768651609,7.167044745,1:DECEASED
2841ab4f-8cd4-4472-b27b-a1101fd395f7.wxs.aliquot_ensemble_masked.maf,TCGA-IN-A7NT-01A-21D-A34U-08,TCGA-IN-A7NT,TCGA-IN-A7NT-01,126,89,2.966666666666667,CIN,official_TCGA,female,Alive,,26727.0,323.0,73.17453798767967,10.61906171,0:LIVING
29515327-a526-413f-9501-571fc22bacd6.wxs.aliquot_ensemble_masked.maf,TCGA-CD-5803-01A-11D-1600-08,TCGA-CD-5803,TCGA-CD-5803-01,34,26,0.8666666666666667,CIN,official_TCGA,female,Dead,341.0,28608.0,341.0,78.32443531827515,11.21083605,1:DECEASED
2990db85-58fd-4cc5-a154-acea4ae105d0.wxs.aliquot_ensemble_masked.maf,TCGA-D7-A4YV-01A-11D-A25D-08,TCGA-D7-A4YV,TCGA-D7-A4YV-01,1054,809,26.966666666666665,MSI,official_TCGA,female,Dead,180.0,25421.0,180.0,69.59890485968515,5.917743367,1:DECEASED
29bc559d-f3cf-49d7-b7e8-f051b3b3c134.wxs.aliquot_ensemble_masked.maf,TCGA-BR-8367-01A-11D-2340-08,TCGA-BR-8367,TCGA-BR-8367-01,63,48,1.6,GS,official_TCGA,male,Dead,801.0,20441.0,801.0,55.964407939767284,26.33395798,1:DECEASED
29e18efa-e88a-47b7-bce0-efd12829efde.wxs.aliquot_ensemble_masked.maf,TCGA-RD-A8MW-01A-11D-A364-08,TCGA-RD-A8MW,TCGA-RD-A8MW-01,83,57,1.9,CIN,official_TCGA,male,Dead,1153.0,26688.0,,73.06776180698152,37.9064339,1:DECEASED
2a46e18c-f9a4-4ec2-9ea7-4d5582fbd006.wxs.aliquot_ensemble_masked.maf,TCGA-B7-A5TK-01A-12D-A31L-08,TCGA-B7-A5TK,TCGA-B7-A5TK-01,55,36,1.2,EBV,official_TCGA,male,Alive,,18750.0,288.0,51.3347022587269,9.468389388,0:LIVING
2a783b48-c064-4545-8a7d-e75f508ce506.wxs.aliquot_ensemble_masked.maf,TCGA-HU-A4GP-01A-11D-A25D-08,TCGA-HU-A4GP,TCGA-HU-A4GP-01,201,142,4.733333333333333,CIN,official_TCGA,female,Alive,,22711.0,273.0,62.17932922655715,8.975244107,0:LIVING
2c096d62-fea6-438c-a01b-4c6587764975.wxs.aliquot_ensemble_masked.maf,TCGA-BR-A4IZ-01A-32D-A25D-08,TCGA-BR-A4IZ,TCGA-BR-A4IZ-01,8,7,0.2333333333333333,GS,official_TCGA,female,Dead,273.0,16695.0,273.0,45.70841889117043,8.975244107,1:DECEASED
2d7dbc7c-1f47-4bea-9f0c-3276ee1757d4.wxs.aliquot_ensemble_masked.maf,TCGA-BR-4279-01A-01D-1126-08,TCGA-BR-4279,TCGA-BR-4279-01,54,33,1.1,CIN,official_TCGA,male,Dead,291.0,16065.0,291.0,43.983572895277206,9.567018444,1:DECEASED
2e12ee44-f6c1-448a-b331-4843e4b16468.wxs.aliquot_ensemble_masked.maf,TCGA-VQ-A91V-01A-11D-A410-08,TCGA-VQ-A91V,TCGA-VQ-A91V-01,256,194,6.466666666666667,CIN,official_TCGA,male,Alive,,22009.0,,60.257357973990416,42.6406286,0:LIVING
2fc0ca29-6ad9-4979-8f5c-0e603c3ee702.wxs.aliquot_ensemble_masked.maf,TCGA-BR-4357-01A-01D-1158-08,TCGA-BR-4357,TCGA-BR-4357-01,247,185,6.166666666666667,CIN,official_TCGA,male,Alive,,21295.0,0.0,58.3025325119781,0.0,0:LIVING
31c4b4f5-2a5b-4e3c-bf1d-a43c67b7b5a9.wxs.aliquot_ensemble_masked.maf,TCGA-BR-7958-01A-21D-2340-08,TCGA-BR-7958,TCGA-BR-7958-01,181,133,4.433333333333334,EBV,official_TCGA,male,Alive,,22204.0,899.0,60.79123887748118,29.55584048,0:LIVING
323096f8-2112-4ed7-954f-d72e8e5e0c41.wxs.aliquot_ensemble_masked.maf,TCGA-BR-8483-01A-31D-2394-08,TCGA-BR-8483,TCGA-BR-8483-01,134,98,3.2666666666666666,CIN,official_TCGA,male,Alive,,21731.0,164.0,59.49623545516769,5.391721735,0:LIVING
327d6422-77ca-4f4d-bf3d-61ff959d226a.wxs.aliquot_ensemble_masked.maf,TCGA-VQ-A91Z-01A-11D-A410-08,TCGA-VQ-A91Z,TCGA-VQ-A91Z-01,161,120,4.0,CIN,official_TCGA,female,Alive,,24652.0,1690.0,67.49349760438056,55.56103495,0:LIVING
329f3956-c1b7-49d8-aac1-ee7c8ad611b9.wxs.aliquot_ensemble_masked.maf,TCGA-VQ-A91N-01A-11D-A410-08,TCGA-VQ-A91N,TCGA-VQ-A91N-01,121,82,2.7333333333333334,CIN,official_TCGA,female,Dead,570.0,21753.0,570.0,59.5564681724846,18.73952066,1:DECEASED
3353deb8-f953-47e7-b703-8c0e76f6dae0.wxs.aliquot_ensemble_masked.maf,TCGA-VQ-A8PS-01A-11D-A410-08,TCGA-VQ-A8PS,TCGA-VQ-A8PS-01,49,31,1.0333333333333334,,unknown,male,Dead,406.0,28166.0,,77.11430527036276,13.34779893,1:DECEASED
340b1e40-f42e-401c-8b66-b994301b6d21.wxs.aliquot_ensemble_masked.maf,TCGA-VQ-A8P8-01A-11D-A397-08,TCGA-VQ-A8P8,TCGA-VQ-A8P8-01,91,67,2.2333333333333334,GS,official_TCGA,female,Alive,,26443.0,942.0,72.39698836413416,30.96952362,0:LIVING
3502f001-74b5-4035-9abf-b57796b8d46a.wxs.aliquot_ensemble_masked.maf,TCGA-CD-8528-01A-11D-2340-08,TCGA-CD-8528,TCGA-CD-8528-01,102,77,2.566666666666667,CIN,official_TCGA,female,Alive,,15986.0,375.0,43.76728268309377,12.32863202,0:LIVING
36a7e59a-9708-4d12-a677-988f3fb94692.wxs.aliquot_ensemble_masked.maf,TCGA-CG-4466-01A-01D-1158-08,TCGA-CG-4466,TCGA-CG-4466-01,214,154,5.133333333333334,CIN,official_TCGA,female,Alive,,29739.0,577.0,81.42094455852155,18.96965513,0:LIVING
36b8a8e1-bb82-4a01-9d5c-21bc769f7d40.wxs.aliquot_ensemble_masked.maf,TCGA-VQ-A925-01A-11D-A410-08,TCGA-VQ-A925,TCGA-VQ-A925-01,130,95,3.1666666666666665,CIN,official_TCGA,male,Dead,138.0,24230.0,138.0,66.33812457221082,4.536936582,1:DECEASED
37db8fb8-705c-4d33-ab3e-3977bc60bbe0.wxs.aliquot_ensemble_masked.maf,TCGA-BR-8682-01A-11D-2394-08,TCGA-BR-8682,TCGA-BR-8682-01,74,53,1.7666666666666666,CIN,official_TCGA,male,Alive,,19165.0,991.0,52.47091033538672,32.58046487,0:LIVING
38469a61-4977-47cc-ab1c-113d728d3852.wxs.aliquot_ensemble_masked.maf,TCGA-BR-A453-01A-11D-A24D-08,TCGA-BR-A453,TCGA-BR-A453-01,47,35,1.1666666666666667,GS,official_TCGA,male,Dead,185.0,18988.0,185.0,51.98631074606434,6.082125127,1:DECEASED
39e45c36-363d-490d-97a8-aced7cf6db1f.wxs.aliquot_ensemble_masked.maf,TCGA-CG-4477-01A-01D-1158-08,TCGA-CG-4477,TCGA-CG-4477-01,141,117,3.9,CIN,official_TCGA,female,Alive,,21427.0,942.0,58.66392881587954,30.96952362,0:LIVING
3a0b2a75-cf38-4503-9116-91a4af8d530d.wxs.aliquot_ensemble_masked.maf,TCGA-BR-8686-01A-11D-2394-08,TCGA-BR-8686,TCGA-BR-8686-01,110,81,2.7,EBV,official_TCGA,male,Dead,635.0,25372.0,635.0,69.46475017111567,20.87648355,1:DECEASED
3a8a4817-a32b-4bf3-bab5-08a8d801e2b1.wxs.aliquot_ensemble_masked.maf,TCGA-BR-A452-01A-91D-A25D-08,TCGA-BR-A452,TCGA-BR-A452-01,118,82,2.7333333333333334,CIN,official_TCGA,male,Dead,229.0,21107.0,229.0,57.78781656399726,7.528684617,1:DECEASED
3a9cb85e-3fb2-4a5a-b52f-7308f608c563.wxs.aliquot_ensemble_masked.maf,TCGA-BR-4267-01A-01D-1126-08,TCGA-BR-4267,TCGA-BR-4267-01,94,73,2.433333333333333,CIN,official_TCGA,male,Dead,188.0,18699.0,188.0,51.19507186858316,6.180754184,1:DECEASED
3e1bfe52-67b7-4f54-85f6-8f372353528e.wxs.aliquot_ensemble_masked.maf,TCGA-BR-A4J5-01A-21D-A25D-08,TCGA-BR-A4J5,TCGA-BR-A4J5-01,87,64,2.1333333333333333,GS,official_TCGA,male,Alive,,20714.0,862.0,56.71184120465435,28.33941546,0:LIVING
3e88cc72-16cb-4db2-a296-810ebcfb395a.wxs.aliquot_ensemble_masked.maf,TCGA-BR-8286-01A-12D-2340-08,TCGA-BR-8286,TCGA-BR-8286-01,157,106,3.533333333333333,CIN,official_TCGA,male,Alive,,17966.0,895.0,49.18822724161533,29.42433508,0:LIVING
3eaa4f97-c29b-46b9-8567-3ce639a3f3c5.wxs.aliquot_ensemble_masked.maf,TCGA-HJ-7597-01A-21D-2201-08,TCGA-HJ-7597,TCGA-HJ-7597-01,889,650,21.666666666666668,,unknown,female,Dead,805.0,27059.0,,74.08350444900753,26.46546339,1:DECEASED
3ebc9839-5483-44f8-92ac-991e0aa18c9a.wxs.aliquot_ensemble_masked.maf,TCGA-BR-4361-01A-01D-1158-08,TCGA-BR-4361,TCGA-BR-4361-01,2864,2104,70.13333333333334,MSI,official_TCGA,female,Alive,,24260.0,0.0,66.42026009582477,0.0,0:LIVING
3ef55a19-d71b-4db5-b74a-6700f197e07c.wxs.aliquot_ensemble_masked.maf,TCGA-D7-8570-01A-11D-2340-08,TCGA-D7-8570,TCGA-D7-8570-01,121,87,2.9,EBV,official_TCGA,male,Alive,,16150.0,752.0,44.21629021218344,24.72301673,0:LIVING
3f29af9e-e798-4b0e-87c2-f42b4a5bb3f5.wxs.aliquot_ensemble_masked.maf,TCGA-D7-A6F0-01A-11D-A31L-08,TCGA-D7-A6F0,TCGA-D7-A6F0-01,136,94,3.1333333333333333,CIN,official_TCGA,female,Alive,,28923.0,678.0,79.18685831622176,22.29016668,0:LIVING
3fb8ee95-ae1c-4752-9026-d7518578cc2d.wxs.aliquot_ensemble_masked.maf,TCGA-CD-5799-01A-11D-1600-08,TCGA-CD-5799,TCGA-CD-5799-01,35,26,0.8666666666666667,CIN,official_TCGA,male,Alive,,16533.0,396.0,45.26488706365503,13.01903541,0:LIVING
3fdfaed4-8f1f-4d47-9969-7025bd3ca37b.wxs.aliquot_ensemble_masked.maf,TCGA-HU-A4G3-01A-11D-A24D-08,TCGA-HU-A4G3,TCGA-HU-A4G3-01,113,84,2.8,GS,official_TCGA,male,Alive,,20064.0,170.0,54.93223819301848,5.588979847,0:LIVING
400d3800-fb00-4e4b-bb79-d463f5366c46.wxs.aliquot_ensemble_masked.maf,TCGA-VQ-A923-01A-11D-A410-08,TCGA-VQ-A923,TCGA-VQ-A923-01,110,75,2.5,EBV,official_TCGA,male,Dead,0.0,32872.0,0.0,89.99863107460644,2.005457474,1:DECEASED
40578b76-37fa-4e66-8f89-cece9010d5b7.wxs.aliquot_ensemble_masked.maf,TCGA-SW-A7EB-01A-11D-A34U-08,TCGA-SW-A7EB,TCGA-SW-A7EB-01,138,109,3.633333333333333,CIN,official_TCGA,male,Alive,,16475.0,176.0,45.106091718001366,5.786237959,0:LIVING
40e8765d-435c-42b5-b4a8-b549936d99ac.wxs.aliquot_ensemble_masked.maf,TCGA-VQ-A8E0-01A-11D-A410-08,TCGA-VQ-A8E0,TCGA-VQ-A8E0-01,105,82,2.7333333333333334,CIN,official_TCGA,male,Dead,562.0,24848.0,562.0,68.03011635865845,18.47650985,1:DECEASED
41d0fe84-4cc6-4bde-8635-786dc8b31d17.wxs.aliquot_ensemble_masked.maf,TCGA-IN-7808-01A-11D-2201-08,TCGA-IN-7808,TCGA-IN-7808-01,118,92,3.066666666666667,CIN,official_TCGA,male,Dead,105.0,21569.0,105.0,59.05270362765229,3.452016964,1:DECEASED
422dcf8e-7a20-4dcb-b722-f13de4d667a9.wxs.aliquot_ensemble_masked.maf,TCGA-CG-5727-01A-11D-1600-08,TCGA-CG-5727,TCGA-CG-5727-01,172,114,3.8,,unknown,male,Alive,,24289.0,2405.0,66.4996577686516,79.06762666,0:LIVING
42835a84-302b-4944-8368-ebbafd9bd97f.wxs.aliquot_ensemble_masked.maf,TCGA-VQ-AA6F-01A-31D-A410-08,TCGA-VQ-AA6F,TCGA-VQ-AA6F-01,49,41,1.3666666666666667,CIN,official_TCGA,male,Alive,,21716.0,,59.455167693360714,54.11447546,0:LIVING
4389a900-c0e7-4627-b31b-80ba1a43a4ed.wxs.aliquot_ensemble_masked.maf,TCGA-D7-A74A-01A-11D-A32N-08,TCGA-D7-A74A,TCGA-D7-A74A-01,156,111,3.7,CIN,official_TCGA,female,Alive,,22435.0,607.0,61.42368240930869,19.95594569,0:LIVING
43ece74e-29e5-4c76-959a-449d834904b6.wxs.aliquot_ensemble_masked.maf,TCGA-HU-8610-01A-22D-2394-08,TCGA-HU-8610,TCGA-HU-8610-01,62,49,1.6333333333333333,GS,official_TCGA,male,Alive,,27594.0,23.0,75.5482546201232,0.756156097,0:LIVING
44bfe7ee-c5a7-4f7f-b464-d90e41c59a1d.wxs.aliquot_ensemble_masked.maf,TCGA-BR-7717-01A-11D-2053-08,TCGA-BR-7717,TCGA-BR-7717-01,143,99,3.3,CIN,official_TCGA,male,Dead,552.0,23102.0,552.0,63.2498288843258,18.14774633,1:DECEASED
44f8b6e3-3673-4586-bed2-9a1cb1f594f9.wxs.aliquot_ensemble_masked.maf,TCGA-FP-7998-01A-11D-2201-08,TCGA-FP-7998,TCGA-FP-7998-01,64,52,1.7333333333333334,EBV,official_TCGA,male,Alive,,28302.0,678.0,77.48665297741273,22.29016668,0:LIVING
45f3dfe2-a79e-49a9-8f5a-a3532dcf1d9d.wxs.aliquot_ensemble_masked.maf,TCGA-CG-4469-01A-01D-1158-08,TCGA-CG-4469,TCGA-CG-4469-01,328,250,8.333333333333334,CIN,official_TCGA,male,Dead,215.0,25598.0,215.0,70.08350444900753,7.068415689,1:DECEASED
45fafb0d-2d23-4a33-acba-a0452de6fdb5.wxs.aliquot_ensemble_masked.maf,TCGA-BR-8371-01A-11D-2340-08,TCGA-BR-8371,TCGA-BR-8371-01,19,14,0.4666666666666667,GS,official_TCGA,male,Dead,359.0,22883.0,359.0,62.65023956194388,11.80261038,1:DECEASED
47847b0d-36c3-4691-9a71-4643acd4d4a2.wxs.aliquot_ensemble_masked.maf,TCGA-BR-4256-01A-01D-1126-08,TCGA-BR-4256,TCGA-BR-4256-01,1160,876,29.2,MSI,official_TCGA,male,Dead,284.0,29441.0,284.0,80.6050650239562,9.336883979,1:DECEASED
47b5a9af-a0bb-493e-8d2b-41f80e7a8f7e.wxs.aliquot_ensemble_masked.maf,TCGA-BR-6801-01A-11D-1882-08,TCGA-BR-6801,TCGA-BR-6801-01,50,33,1.1,CIN,official_TCGA,male,Alive,,25637.0,1223.0,70.19028062970568,40.20777855,0:LIVING
48c389c4-01ee-4732-9b22-da36ac247690.wxs.aliquot_ensemble_masked.maf,TCGA-3M-AB46-01A-11D-A410-08,TCGA-3M-AB46,TCGA-3M-AB46-01,203,157,5.233333333333333,CIN,official_TCGA,male,Alive,,,1765.0,,58.02676135,0:LIVING
4951cec9-0109-4fc5-8959-faa8dff38f6c.wxs.aliquot_ensemble_masked.maf,TCGA-MX-A5UG-01A-21D-A31L-08,TCGA-MX-A5UG,TCGA-MX-A5UG-01,34,27,0.9,GS,official_TCGA,male,Dead,113.0,28714.0,113.0,78.61464750171116,3.715027781,1:DECEASED
49fc013c-7766-4065-b575-e4e88ce4450f.wxs.aliquot_ensemble_masked.maf,TCGA-BR-4255-01A-01D-1126-08,TCGA-BR-4255,TCGA-BR-4255-01,59,41,1.3666666666666667,CIN,official_TCGA,female,Dead,124.0,27893.0,124.0,76.3668720054757,4.076667653,1:DECEASED
4a0d27f6-b3c0-4510-a3c5-028e6bf4258a.wxs.aliquot_ensemble_masked.maf,TCGA-VQ-A8PH-01A-12D-A410-08,TCGA-VQ-A8PH,TCGA-VQ-A8PH-01,214,169,5.633333333333334,CIN,official_TCGA,male,Dead,389.0,22940.0,389.0,62.8062970568104,12.78890094,1:DECEASED
4a359b31-3c2e-45f4-9595-c2dd5546c150.wxs.aliquot_ensemble_masked.maf,TCGA-VQ-A8PT-01A-11D-A410-08,TCGA-VQ-A8PT,TCGA-VQ-A8PT-01,1620,1222,40.73333333333333,,unknown,male,Alive,,23797.0,900.0,65.15263518138262,29.58871684,0:LIVING
4a539d64-485e-463b-9cda-65f54eebcd76.wxs.aliquot_ensemble_masked.maf,TCGA-BR-A4QM-01A-12D-A25D-08,TCGA-BR-A4QM,TCGA-BR-A4QM-01,113,77,2.566666666666667,,unknown,male,Alive,,24126.0,,66.05338809034907,5.128710918,0:LIVING
4a8d5e5d-48ef-419c-92b8-b4d458e5d61b.wxs.aliquot_ensemble_masked.maf,TCGA-D7-A6EZ-01A-11D-A31L-08,TCGA-D7-A6EZ,TCGA-D7-A6EZ-01,293,239,7.966666666666667,EBV,official_TCGA,male,Dead,618.0,24425.0,618.0,66.87200547570157,20.31758556,1:DECEASED
4b28c24d-d80d-41dc-82f5-dff8ef68f998.wxs.aliquot_ensemble_masked.maf,TCGA-RD-A7BW-01A-11D-A32N-08,TCGA-RD-A7BW,TCGA-RD-A7BW-01,58,43,1.4333333333333331,CIN,official_TCGA,female,Dead,156.0,25036.0,156.0,68.5448323066393,5.128710918,1:DECEASED
4b56607a-7763-4307-b1a0-42e23bfb4831.wxs.aliquot_ensemble_masked.maf,TCGA-HU-A4H5-01A-21D-A25D-08,TCGA-HU-A4H5,TCGA-HU-A4H5-01,297,234,7.8,CIN,official_TCGA,male,Alive,,26232.0,724.0,71.81930184804928,23.80247888,0:LIVING
4b85fe05-f4e5-41e5-b6c3-b522cc4522bd.wxs.aliquot_ensemble_masked.maf,TCGA-VQ-A94U-01A-12D-A410-08,TCGA-VQ-A94U,TCGA-VQ-A94U-01,163,122,4.066666666666666,CIN,official_TCGA,male,Alive,,25925.0,819.0,70.97878165639973,26.92573232,0:LIVING
4cba52da-cdfd-4f0c-9a89-111b791927a6.wxs.aliquot_ensemble_masked.maf,TCGA-IN-A6RN-01A-12D-A33T-08,TCGA-IN-A6RN,TCGA-IN-A6RN-01,118,81,2.7,CIN,official_TCGA,female,Alive,,26409.0,594.0,72.30390143737166,19.52855311,0:LIVING
4d213376-8646-42b7-adb8-32b1f329ea62.wxs.aliquot_ensemble_masked.maf,TCGA-CG-5719-01A-11D-1600-08,TCGA-CG-5719,TCGA-CG-5719-01,63,41,1.3666666666666667,CIN,official_TCGA,female,Alive,,19966.0,31.0,54.66392881587954,1.019166913,0:LIVING
4d648db3-b3f4-4f0d-9dc7-7920afeeca5e.wxs.aliquot_ensemble_masked.maf,TCGA-D7-A6ET-01A-32D-A32N-08,TCGA-D7-A6ET,TCGA-D7-A6ET-01,21,11,0.3666666666666666,,unknown,male,Alive,,27928.0,804.0,76.46269678302532,26.43258704,0:LIVING
4e4004a2-48fd-4128-8296-fbcefea47e4e.wxs.aliquot_ensemble_masked.maf,TCGA-VQ-A8DZ-01A-11D-A364-08,TCGA-VQ-A8DZ,TCGA-VQ-A8DZ-01,86,66,2.2,CIN,official_TCGA,male,Dead,396.0,25863.0,396.0,70.80903490759754,13.01903541,1:DECEASED
4e85d256-9ff7-4127-a36d-230f102a090b.wxs.aliquot_ensemble_masked.maf,TCGA-HU-A4GD-01A-11D-A25D-08,TCGA-HU-A4GD,TCGA-HU-A4GD-01,88,64,2.1333333333333333,CIN,official_TCGA,male,Alive,,21099.0,,57.765913757700204,22.75043561,0:LIVING
4ec86d58-dfb4-4f9f-8e9f-ee503afbcd7e.wxs.aliquot_ensemble_masked.maf,TCGA-BR-A4IV-01A-31D-A25D-08,TCGA-BR-A4IV,TCGA-BR-A4IV-01,16,10,0.3333333333333333,GS,official_TCGA,male,Dead,869.0,18252.0,,49.97125256673511,28.56954992,1:DECEASED
4eccd77f-f8a8-4bf2-b484-8080b861c666.wxs.aliquot_ensemble_masked.maf,TCGA-BR-A4J8-01A-11D-A25D-08,TCGA-BR-A4J8,TCGA-BR-A4J8-01,93,59,1.9666666666666663,CIN,official_TCGA,female,Alive,,26048.0,411.0,71.31553730321697,13.51218069,0:LIVING
4f0a6c25-d844-42c0-af1c-c1c86a91d2c0.wxs.aliquot_ensemble_masked.maf,TCGA-IN-A6RI-01A-11D-A32N-08,TCGA-IN-A6RI,TCGA-IN-A6RI-01,112,81,2.7,CIN,official_TCGA,male,Alive,,16788.0,559.0,45.96303901437371,18.37788079,0:LIVING
4f7e6e27-e9ad-4290-b2f9-a14ac0759ed9.wxs.aliquot_ensemble_masked.maf,TCGA-B7-A5TJ-01A-11D-A31L-08,TCGA-B7-A5TJ,TCGA-B7-A5TJ-01,252,184,6.133333333333334,CIN,official_TCGA,male,Alive,,27057.0,335.0,74.07802874743327,11.01357793,0:LIVING
50b9990a-3778-4e44-ad71-abea8467f0e5.wxs.aliquot_ensemble_masked.maf,TCGA-BR-A4PD-01A-11D-A25D-08,TCGA-BR-A4PD,TCGA-BR-A4PD-01,166,123,4.1,CIN,official_TCGA,female,Alive,,26334.0,628.0,72.09856262833675,20.64634908,0:LIVING
50bd77a7-3a6c-431b-a39b-4b2b32a33a02.wxs.aliquot_ensemble_masked.maf,TCGA-BR-7707-01A-11D-2053-08,TCGA-BR-7707,TCGA-BR-7707-01,1488,1114,37.13333333333333,MSI,official_TCGA,female,Alive,,25325.0,1090.0,69.33607118412047,35.83522372,0:LIVING
5131d045-4ec5-4a34-a236-d94220f4d2c4.wxs.aliquot_ensemble_masked.maf,TCGA-BR-8285-01A-11D-2340-08,TCGA-BR-8285,TCGA-BR-8285-01,105,80,2.6666666666666665,,unknown,female,Dead,17.0,20849.0,17.0,57.08145106091718,0.558897985,1:DECEASED
51ae553d-bef9-4ed6-b3d1-454e2da70ac8.wxs.aliquot_ensemble_masked.maf,TCGA-CD-5804-01A-12D-2053-08,TCGA-CD-5804,TCGA-CD-5804-01,86,63,2.1,CIN,official_TCGA,male,Alive,,32872.0,0.0,89.99863107460644,12.09849755,0:LIVING
528ce6d5-cd7f-4853-97fb-5c5f39ef3999.wxs.aliquot_ensemble_masked.maf,TCGA-FP-7916-01A-11D-2201-08,TCGA-FP-7916,TCGA-FP-7916-01,94,71,2.3666666666666667,EBV,official_TCGA,male,Dead,428.0,28475.0,428.0,77.96030116358658,14.07107867,1:DECEASED
52ca98c5-af38-481f-b95e-a4bdb956f43b.wxs.aliquot_ensemble_masked.maf,TCGA-BR-4362-01A-01D-1158-08,TCGA-BR-4362,TCGA-BR-4362-01,1811,1401,46.7,MSI,official_TCGA,female,Alive,,27179.0,0.0,74.41204654346338,0.0,0:LIVING
53714e92-a870-48d2-a087-a876b0b8dbe6.wxs.aliquot_ensemble_masked.maf,TCGA-HU-A4G8-01A-11D-A25D-08,TCGA-HU-A4G8,TCGA-HU-A4G8-01,1793,1354,45.13333333333333,MSI,official_TCGA,female,Alive,,26254.0,690.0,71.87953456536619,22.68468291,0:LIVING
53a75b3b-a65e-4834-9402-21aa3767e6b7.wxs.aliquot_ensemble_masked.maf,TCGA-IN-A6RP-01A-21D-A33T-08,TCGA-IN-A6RP,TCGA-IN-A6RP-01,165,129,4.3,,unknown,male,Alive,,23282.0,196.0,63.742642026009584,6.443765,0:LIVING
53e1d08a-ac1d-4088-818e-c9e3d0671398.wxs.aliquot_ensemble_masked.maf,TCGA-BR-6803-01A-11D-1882-08,TCGA-BR-6803,TCGA-BR-6803-01,13,8,0.2666666666666666,GS,official_TCGA,female,Alive,,19751.0,949.0,54.07529089664613,31.19965809,0:LIVING
54650077-9bec-4c04-9f06-5a6bad88c308.wxs.aliquot_ensemble_masked.maf,TCGA-D7-A4YT-01A-11D-A25D-08,TCGA-D7-A4YT,TCGA-D7-A4YT-01,323,236,7.866666666666666,CIN,official_TCGA,male,Alive,,20742.0,434.0,56.78850102669404,14.26833679,0:LIVING
55d1cc86-01b3-46d9-8dda-ba9cbc396f2f.wxs.aliquot_ensemble_masked.maf,TCGA-CG-4455-01A-01D-1158-08,TCGA-CG-4455,TCGA-CG-4455-01,47,31,1.0333333333333334,,unknown,male,Alive,,26421.0,366.0,72.33675564681725,12.03274485,0:LIVING
5617516d-4fd2-45fa-867d-66a80b69d244.wxs.aliquot_ensemble_masked.maf,TCGA-SW-A7EA-01A-12D-A34U-08,TCGA-SW-A7EA,TCGA-SW-A7EA-01,724,531,17.7,MSI,official_TCGA,female,Alive,,22294.0,579.0,61.03764544832307,19.03540783,0:LIVING
56715851-54ee-4c48-add4-beb3407a8e00.wxs.aliquot_ensemble_masked.maf,TCGA-D7-6522-01A-11D-1800-08,TCGA-D7-6522,TCGA-D7-6522-01,28,20,0.6666666666666666,GS,official_TCGA,male,Alive,,21465.0,566.0,58.76796714579056,18.60801526,0:LIVING
5756b289-e99c-4d52-8ba0-f573addbc07e.wxs.aliquot_ensemble_masked.maf,TCGA-VQ-A8PZ-01A-11D-A410-08,TCGA-VQ-A8PZ,TCGA-VQ-A8PZ-01,82,57,1.9,,unknown,female,Alive,,20735.0,2233.0,56.76933607118412,73.41289411,0:LIVING
57d3f244-ae93-4604-ba8c-d1ae23b7aa22.wxs.aliquot_ensemble_masked.maf,TCGA-BR-7851-01A-11D-2201-08,TCGA-BR-7851,TCGA-BR-7851-01,1625,1199,39.96666666666667,MSI,official_TCGA,male,Dead,,27091.0,574.0,74.17111567419576,,1:DECEASED
585c8bb7-9910-4f62-a85d-15c64791bd6c.wxs.aliquot_ensemble_masked.maf,TCGA-BR-8677-01A-11D-2394-08,TCGA-BR-8677,TCGA-BR-8677-01,73,52,1.7333333333333334,CIN,official_TCGA,female,Alive,,27223.0,813.0,74.53251197809719,26.72847421,0:LIVING
5916e5ea-79f4-4d92-99e0-5beefd572b17.wxs.aliquot_ensemble_masked.maf,TCGA-CG-4306-01A-01D-1158-08,TCGA-CG-4306,TCGA-CG-4306-01,1312,1004,33.46666666666667,MSI,official_TCGA,male,Dead,1.0,32871.0,1.0,89.99589322381931,1.019166913,1:DECEASED
593817ff-e082-4054-a5ea-3315b9d92f16.wxs.aliquot_ensemble_masked.maf,TCGA-D7-6525-01A-11D-1800-08,TCGA-D7-6525,TCGA-D7-6525-01,181,126,4.2,CIN,official_TCGA,male,Dead,406.0,21223.0,406.0,58.105407255304584,13.34779893,1:DECEASED
5a308135-5221-4e7c-a992-3e69d78f4383.wxs.aliquot_ensemble_masked.maf,TCGA-VQ-AA6I-01A-11D-A410-08,TCGA-VQ-AA6I,TCGA-VQ-AA6I-01,107,84,2.8,CIN,official_TCGA,male,Dead,491.0,25091.0,491.0,68.69541409993155,16.14228885,1:DECEASED
5a6a6372-b817-4294-81f2-5f28c448111c.wxs.aliquot_ensemble_masked.maf,TCGA-VQ-A8PB-01A-11D-A397-08,TCGA-VQ-A8PB,TCGA-VQ-A8PB-01,943,723,24.1,MSI,official_TCGA,female,Dead,1043.0,23927.0,1043.0,65.50855578370978,34.29003518,1:DECEASED
5ae138f9-6bfb-4c67-97fe-42dbc7649bbe.wxs.aliquot_ensemble_masked.maf,TCGA-VQ-A8DT-01A-11D-A364-08,TCGA-VQ-A8DT,TCGA-VQ-A8DT-01,182,146,4.866666666666666,GS,official_TCGA,male,Alive,,15937.0,1484.0,43.6331279945243,48.78850643,0:LIVING
5ae48131-a7e1-4a18-961d-42fd0503f5a3.wxs.aliquot_ensemble_masked.maf,TCGA-BR-A4IY-01A-11D-A25D-08,TCGA-BR-A4IY,TCGA-BR-A4IY-01,150,117,3.9,CIN,official_TCGA,male,Alive,,21314.0,392.0,58.35455167693361,12.88753,0:LIVING
5d3ca168-ecf3-47e1-8a15-1f3e995c85dc.wxs.aliquot_ensemble_masked.maf,TCGA-CG-5730-01A-11D-1600-08,TCGA-CG-5730,TCGA-CG-5730-01,171,114,3.8,,unknown,female,Alive,,29432.0,122.0,80.58042436687201,4.010914949,0:LIVING
5d962b3a-0f8f-4e83-b7f3-bf651513970b.wxs.aliquot_ensemble_masked.maf,TCGA-D7-8575-01A-11D-2340-08,TCGA-D7-8575,TCGA-D7-8575-01,51,41,1.3666666666666667,CIN,official_TCGA,male,Dead,554.0,28139.0,,77.0403832991102,18.21349903,1:DECEASED
5ecf7350-b90a-4212-8c93-82ab724bfbd6.wxs.aliquot_ensemble_masked.maf,TCGA-IN-A7NU-01A-22D-A34U-08,TCGA-IN-A7NU,TCGA-IN-A7NU-01,103,73,2.433333333333333,CIN,official_TCGA,male,Alive,,25515.0,356.0,69.85626283367556,11.70398133,0:LIVING
5f956875-dfd7-44b2-ad8b-4bbcbf48ef48.wxs.aliquot_ensemble_masked.maf,TCGA-HF-7134-01A-11D-2053-08,TCGA-HF-7134,TCGA-HF-7134-01,299,224,7.466666666666667,,unknown,male,Alive,,,1588.0,,52.20764704,0:LIVING
60a67356-f603-4e28-a9d9-4209048ef168.wxs.aliquot_ensemble_masked.maf,TCGA-D7-6521-01A-11D-1800-08,TCGA-D7-6521,TCGA-D7-6521-01,63,54,1.8,CIN,official_TCGA,male,Alive,,23776.0,564.0,65.09514031485284,18.54226255,0:LIVING
61540000-a4e5-4478-ae9e-cc5af1893bd5.wxs.aliquot_ensemble_masked.maf,TCGA-BR-8366-01A-11D-2340-08,TCGA-BR-8366,TCGA-BR-8366-01,185,147,4.9,EBV,official_TCGA,female,Alive,,29394.0,29.0,80.47638603696099,0.953414209,0:LIVING
6252c47c-123f-4a4b-a635-e97ae2cd51a5.wxs.aliquot_ensemble_masked.maf,TCGA-RD-A8N6-01A-11D-A364-08,TCGA-RD-A8N6,TCGA-RD-A8N6-01,171,126,4.2,CIN,official_TCGA,female,Dead,272.0,28997.0,,79.38945927446954,8.942367755,1:DECEASED
62c99a1e-63d1-48de-9785-df7ccfdb27eb.wxs.aliquot_ensemble_masked.maf,TCGA-R5-A7ZF-01A-11D-A34U-08,TCGA-R5-A7ZF,TCGA-R5-A7ZF-01,57,40,1.3333333333333333,CIN,official_TCGA,female,Dead,259.0,23908.0,259.0,65.45653661875428,8.514975178,1:DECEASED
638f1c19-73be-4b22-9e1d-8dfd759d5502.wxs.aliquot_ensemble_masked.maf,TCGA-BR-8592-01A-11D-2394-08,TCGA-BR-8592,TCGA-BR-8592-01,30,23,0.7666666666666667,GS,official_TCGA,female,Dead,191.0,23133.0,191.0,63.3347022587269,6.27938324,1:DECEASED
63b0ef5a-a570-4964-a3ff-5f09e0dc5341.wxs.aliquot_ensemble_masked.maf,TCGA-BR-8369-01A-11D-2340-08,TCGA-BR-8369,TCGA-BR-8369-01,214,163,5.433333333333334,CIN,official_TCGA,female,Alive,,28051.0,427.0,76.79945242984257,14.03820232,0:LIVING
63f50ca1-c4f0-4527-b944-1d86a9cc9104.wxs.aliquot_ensemble_masked.maf,TCGA-HU-8238-01A-11D-2340-08,TCGA-HU-8238,TCGA-HU-8238-01,184,140,4.666666666666667,,unknown,male,Alive,,20708.0,46.0,56.695414099931554,1.512312194,0:LIVING
65499add-e323-4f6e-8b8d-0266783c26f2.wxs.aliquot_ensemble_masked.maf,TCGA-VQ-AA6K-01A-11D-A410-08,TCGA-VQ-AA6K,TCGA-VQ-AA6K-01,73,60,2.0,CIN,official_TCGA,male,Dead,378.0,21901.0,378.0,59.96167008898015,12.42726107,1:DECEASED
665b6caa-5b2f-4fab-a567-bca2280294f8.wxs.aliquot_ensemble_masked.maf,TCGA-BR-7716-01A-21D-2053-08,TCGA-BR-7716,TCGA-BR-7716-01,161,124,4.133333333333334,CIN,official_TCGA,female,Alive,,22829.0,1210.0,62.502395619438744,39.78038597,0:LIVING
6684a754-53af-40e6-bbbb-5865b1517f7b.wxs.aliquot_ensemble_masked.maf,TCGA-BR-4183-01A-02D-1126-08,TCGA-BR-4183,TCGA-BR-4183-01,52,38,1.2666666666666666,,unknown,female,Dead,201.0,20420.0,201.0,55.90691307323751,6.60814676,1:DECEASED
676778fa-5f2b-4467-9ad4-1de38350c569.wxs.aliquot_ensemble_masked.maf,TCGA-HU-A4H8-01A-11D-A25D-08,TCGA-HU-A4H8,TCGA-HU-A4H8-01,1395,1038,34.6,MSI,official_TCGA,male,Alive,,28292.0,428.0,77.45927446954141,14.07107867,0:LIVING
6932d2c0-5686-4fa1-a3c0-d57c54213370.wxs.aliquot_ensemble_masked.maf,TCGA-F1-A72C-01A-21D-A33T-08,TCGA-F1-A72C,TCGA-F1-A72C-01,53,37,1.2333333333333334,CIN,official_TCGA,male,Alive,,25447.0,,69.67008898015058,11.37521781,0:LIVING
69dbfe7c-3efc-4126-b36d-2b59aca7a16d.wxs.aliquot_ensemble_masked.maf,TCGA-BR-4188-01A-01D-1126-08,TCGA-BR-4188,TCGA-BR-4188-01,85,63,2.1,,unknown,female,Dead,226.0,19585.0,226.0,53.620807665982205,7.430055561,1:DECEASED
6a02ae53-49e0-4d94-b9ac-5e93cd5a8368.wxs.aliquot_ensemble_masked.maf,TCGA-BR-8487-01A-11D-2394-08,TCGA-BR-8487,TCGA-BR-8487-01,3388,2565,85.5,MSI,official_TCGA,female,Alive,,23400.0,34.0,64.06570841889118,1.117795969,0:LIVING
6a0590ef-f7c0-4353-a0df-d215930a7d42.wxs.aliquot_ensemble_masked.maf,TCGA-BR-8080-01A-11D-2340-08,TCGA-BR-8080,TCGA-BR-8080-01,164,126,4.2,CIN,official_TCGA,female,Dead,292.0,26546.0,292.0,72.67898699520876,9.599894796,1:DECEASED
6ab22889-017f-46aa-a0b6-234f4cf72f3d.wxs.aliquot_ensemble_masked.maf,TCGA-HU-8245-01A-11D-2340-08,TCGA-HU-8245,TCGA-HU-8245-01,75,57,1.9,,unknown,male,Alive,,26521.0,552.0,72.61054072553046,18.14774633,0:LIVING
6b7d34d5-03a9-41a7-b02c-78da99f13305.wxs.aliquot_ensemble_masked.maf,TCGA-F1-A448-01A-11D-A24D-08,TCGA-F1-A448,TCGA-F1-A448-01,564,432,14.4,MSI,official_TCGA,male,Alive,,25846.0,647.0,70.7624914442163,21.27099977,0:LIVING
6bf7c6e9-d1d5-4ced-9def-7ac4d9c41a3a.wxs.aliquot_ensemble_masked.maf,TCGA-KB-A6F5-01A-12D-A33T-08,TCGA-KB-A6F5,TCGA-KB-A6F5-01,69,45,1.5,,unknown,male,Alive,,26881.0,169.0,73.59616700889802,5.556103495,0:LIVING
6c3102dc-05fa-4c20-b0cc-d648cdabf1a6.wxs.aliquot_ensemble_masked.maf,TCGA-VQ-A8PX-01A-12D-A410-08,TCGA-VQ-A8PX,TCGA-VQ-A8PX-01,702,509,16.966666666666665,MSI,official_TCGA,male,Alive,,18902.0,1964.0,51.75085557837098,64.56915541,0:LIVING
6cd902ca-230a-49fb-abc7-0afea73bc7e6.wxs.aliquot_ensemble_masked.maf,TCGA-D7-A6EY-01A-21D-A31L-08,TCGA-D7-A6EY,TCGA-D7-A6EY-01,1598,1229,40.96666666666667,MSI,official_TCGA,female,Dead,348.0,26526.0,348.0,72.62422997946612,11.44097051,1:DECEASED
6ebd03d1-39c7-4192-a9c6-024101c13e23.wxs.aliquot_ensemble_masked.maf,TCGA-BR-A4J4-01A-12D-A25D-08,TCGA-BR-A4J4,TCGA-BR-A4J4-01,77,61,2.033333333333333,EBV,official_TCGA,male,Alive,,14459.0,16.0,39.58658453114305,0.526021633,0:LIVING
6f8f6f2b-f164-4704-9722-512f5a3f7c97.wxs.aliquot_ensemble_masked.maf,TCGA-VQ-A8P3-01A-11D-A364-08,TCGA-VQ-A8P3,TCGA-VQ-A8P3-01,302,232,7.733333333333333,GS,official_TCGA,male,Alive,,26582.0,1132.0,72.77754962354551,37.21603051,0:LIVING
6fad37ad-e611-45b6-b112-b9425943cce5.wxs.aliquot_ensemble_masked.maf,TCGA-D7-A6EV-01A-11D-A31L-08,TCGA-D7-A6EV,TCGA-D7-A6EV-01,165,119,3.966666666666667,CIN,official_TCGA,female,Alive,,26226.0,342.0,71.80287474332648,11.2437124,0:LIVING
6fc7d422-2711-4250-8262-2b9621fb7186.wxs.aliquot_ensemble_masked.maf,TCGA-D7-5579-01A-01D-1600-08,TCGA-D7-5579,TCGA-D7-5579-01,152,117,3.9,,unknown,male,Alive,,27175.0,636.0,74.40109514031485,20.9093599,0:LIVING
70734750-7b9f-4837-a81e-46155f376d96.wxs.aliquot_ensemble_masked.maf,TCGA-VQ-A8PP-01A-21D-A410-08,TCGA-VQ-A8PP,TCGA-VQ-A8PP-01,1719,1313,43.766666666666666,MSI,official_TCGA,male,Dead,712.0,27774.0,712.0,76.04106776180699,23.40796265,1:DECEASED
711fe41d-1c21-4405-b531-c4c1ed8edc5c.wxs.aliquot_ensemble_masked.maf,TCGA-CD-5813-01A-11D-1600-08,TCGA-CD-5813,TCGA-CD-5813-01,177,135,4.5,,unknown,male,Dead,377.0,22310.0,,61.08145106091718,12.39438472,1:DECEASED
71565c8a-5071-4fd8-8e08-0cf6fa131aa3.wxs.aliquot_ensemble_masked.maf,TCGA-CG-4438-01A-01D-1158-08,TCGA-CG-4438,TCGA-CG-4438-01,146,113,3.7666666666666666,CIN,official_TCGA,male,Alive,,20574.0,1645.0,56.328542094455855,54.08159911,0:LIVING
71e0eeff-3562-4849-b6f9-cc751aab1aa2.wxs.aliquot_ensemble_masked.maf,TCGA-VQ-A8PU-01A-12D-A410-08,TCGA-VQ-A8PU,TCGA-VQ-A8PU-01,140,97,3.2333333333333334,CIN,official_TCGA,female,Dead,832.0,25136.0,,68.8186173853525,27.3531249,1:DECEASED
71fbbfa3-a354-44b3-aab5-f3609f619ff3.wxs.aliquot_ensemble_masked.maf,TCGA-D7-A4YX-01A-11D-A25D-08,TCGA-D7-A4YX,TCGA-D7-A4YX-01,85,60,2.0,EBV,official_TCGA,male,Alive,,23249.0,1108.0,63.65229295003422,36.42699806,0:LIVING
73644364-8b86-4bad-ae92-8ca938fbef1c.wxs.aliquot_ensemble_masked.maf,TCGA-VQ-A8PY-01A-11D-A410-08,TCGA-VQ-A8PY,TCGA-VQ-A8PY-01,81,60,2.0,,unknown,female,Dead,436.0,17230.0,436.0,47.17316906228611,14.33408949,1:DECEASED
73e822f9-11bd-4b70-87cc-35e2ed5c6e80.wxs.aliquot_ensemble_masked.maf,TCGA-ZA-A8F6-01A-23D-A364-08,TCGA-ZA-A8F6,TCGA-ZA-A8F6-01,48,40,1.3333333333333333,CIN,official_TCGA,male,Alive,,26122.0,525.0,71.51813826146476,17.26008482,0:LIVING
7549039e-2c47-4582-ba3e-5e16dc8528f1.wxs.aliquot_ensemble_masked.maf,TCGA-CG-5725-01A-11D-1600-08,TCGA-CG-5725,TCGA-CG-5725-01,107,94,3.1333333333333333,,unknown,male,Dead,457.0,26329.0,457.0,72.0848733744011,15.02449288,1:DECEASED
75c19664-d293-4267-b726-716cbc8ba9be.wxs.aliquot_ensemble_masked.maf,TCGA-BR-6566-01A-11D-1800-08,TCGA-BR-6566,TCGA-BR-6566-01,1008,756,25.2,MSI,official_TCGA,female,Alive,,23404.0,997.0,64.0766598220397,32.77772298,0:LIVING
75c9a2b9-1686-45ce-b66f-7faf034f80cb.wxs.aliquot_ensemble_masked.maf,TCGA-HF-7136-01A-11D-2053-08,TCGA-HF-7136,TCGA-HF-7136-01,84,67,2.2333333333333334,CIN,official_TCGA,male,Alive,,,,,,0:LIVING
771a1a15-39b0-47a8-821e-8dbfd0e80911.wxs.aliquot_ensemble_masked.maf,TCGA-HU-A4GQ-01A-11D-A25D-08,TCGA-HU-A4GQ,TCGA-HU-A4GQ-01,2184,1648,54.93333333333333,MSI,official_TCGA,male,Dead,3.0,26200.0,3.0,71.73169062286105,0.098629056,1:DECEASED
77ad8a30-f358-4ba4-b430-b6a5b461ce80.wxs.aliquot_ensemble_masked.maf,TCGA-B7-A5TN-01A-21D-A31L-08,TCGA-B7-A5TN,TCGA-B7-A5TN-01,92,63,2.1,CIN,official_TCGA,male,Alive,,21962.0,287.0,60.12867898699521,9.435513036,0:LIVING
77d24ac6-2fec-402b-8479-de2ff1d37c21.wxs.aliquot_ensemble_masked.maf,TCGA-CD-8529-01A-11D-2340-08,TCGA-CD-8529,TCGA-CD-8529-01,427,319,10.633333333333333,POLE,official_TCGA,male,Alive,,23979.0,374.0,65.65092402464066,12.29575566,0:LIVING
783b75d6-0122-4db0-85d9-01a6a46af687.wxs.aliquot_ensemble_masked.maf,TCGA-CG-5726-01A-11D-1600-08,TCGA-CG-5726,TCGA-CG-5726-01,1491,1130,37.66666666666666,MSI,official_TCGA,male,Dead,881.0,26998.0,881.0,73.91649555099247,28.96406615,1:DECEASED
788d4275-ac37-4d4d-952f-672afc3889f5.wxs.aliquot_ensemble_masked.maf,TCGA-VQ-AA6G-01A-11D-A410-08,TCGA-VQ-AA6G,TCGA-VQ-AA6G-01,137,104,3.466666666666667,CIN,official_TCGA,male,Dead,792.0,25091.0,792.0,68.69541409993155,26.03807082,1:DECEASED
7953fafd-cd6b-4655-80e8-394ba58fd757.wxs.aliquot_ensemble_masked.maf,TCGA-BR-7197-01A-11D-2201-08,TCGA-BR-7197,TCGA-BR-7197-01,186,141,4.7,CIN,official_TCGA,male,Alive,,25445.0,280.0,69.66461327857631,9.205378571,0:LIVING
7ace80ee-70d7-430a-9c32-edf13bb9cbe7.wxs.aliquot_ensemble_masked.maf,TCGA-BR-A44U-01A-11D-A24D-08,TCGA-BR-A44U,TCGA-BR-A44U-01,94,68,2.2666666666666666,CIN,official_TCGA,male,Dead,422.0,25577.0,422.0,70.02600958247776,13.87382056,1:DECEASED
7b13cfe2-a18c-4533-8a3b-bf392894126b.wxs.aliquot_ensemble_masked.maf,TCGA-CD-8531-01A-11D-2340-08,TCGA-CD-8531,TCGA-CD-8531-01,261,193,6.433333333333334,GS,official_TCGA,female,Alive,,24453.0,383.0,66.94866529774127,12.59164283,0:LIVING
7b5e2804-e2ee-4c34-86bd-ad763630b987.wxs.aliquot_ensemble_masked.maf,TCGA-BR-6455-01A-11D-1800-08,TCGA-BR-6455,TCGA-BR-6455-01,100,67,2.2333333333333334,EBV,official_TCGA,male,Dead,422.0,21865.0,422.0,59.8631074606434,13.87382056,1:DECEASED
7bf8d827-c5d2-4baa-83ea-3ac8e2c86c1e.wxs.aliquot_ensemble_masked.maf,TCGA-CG-4460-01A-01D-1158-08,TCGA-CG-4460,TCGA-CG-4460-01,2175,1601,53.36666666666667,,unknown,female,Dead,669.0,24716.0,,67.66872005475702,,
7bfbee50-9578-413b-8127-0f34079591e4.wxs.aliquot_ensemble_masked.maf,TCGA-HU-A4G6-01A-11D-A24D-08,TCGA-HU-A4G6,TCGA-HU-A4G6-01,85,63,2.1,EBV,official_TCGA,male,Alive,,27208.0,738.0,74.49144421629022,24.26274781,0:LIVING
7c9ee1ef-576f-4453-8590-6ee24f68fa74.wxs.aliquot_ensemble_masked.maf,TCGA-CD-8525-01A-11D-2340-08,TCGA-CD-8525,TCGA-CD-8525-01,79,61,2.033333333333333,,unknown,female,Alive,,30004.0,383.0,82.14647501711157,12.59164283,0:LIVING
7ced5afe-252c-4ee8-8c40-33d6c9fd864a.wxs.aliquot_ensemble_masked.maf,TCGA-BR-8081-01A-11D-2340-08,TCGA-BR-8081,TCGA-BR-8081-01,1068,784,26.133333333333333,MSI,official_TCGA,female,Alive,,26095.0,981.0,71.44421629021218,32.25170135,0:LIVING
7d54de73-0670-4c92-9939-2d5f53c5a8c3.wxs.aliquot_ensemble_masked.maf,TCGA-CD-A48A-01A-12D-A24D-08,TCGA-CD-A48A,TCGA-CD-A48A-01,244,185,6.166666666666667,CIN,official_TCGA,male,Alive,,20839.0,378.0,57.054072553045856,12.42726107,0:LIVING
7de67d7c-b16d-4fcc-8cb6-6bdb00153ec3.wxs.aliquot_ensemble_masked.maf,TCGA-BR-7196-01A-11D-2053-08,TCGA-BR-7196,TCGA-BR-7196-01,67,54,1.8,EBV,official_TCGA,male,Alive,,23611.0,666.0,64.64339493497604,21.89565046,0:LIVING
7ec0a84c-4781-4fff-b4ff-0e9aae895d8c.wxs.aliquot_ensemble_masked.maf,TCGA-IN-AB1X-01A-11D-A397-08,TCGA-IN-AB1X,TCGA-IN-AB1X-01,123,101,3.3666666666666667,CIN,official_TCGA,female,Alive,,28493.0,411.0,78.00958247775496,13.51218069,0:LIVING
7f703d1c-a7a4-4296-b64c-174994f401c9.wxs.aliquot_ensemble_masked.maf,TCGA-HF-7132-01A-11D-2053-08,TCGA-HF-7132,TCGA-HF-7132-01,1440,1090,36.333333333333336,MSI,official_TCGA,male,Alive,,,2351.0,,77.29230365,0:LIVING
7fd176b2-73f7-4f2c-88ac-a33cad7a9bc4.wxs.aliquot_ensemble_masked.maf,TCGA-CG-4305-01A-01D-1158-08,TCGA-CG-4305,TCGA-CG-4305-01,1454,1101,36.7,MSI,official_TCGA,male,Alive,,25295.0,485.0,69.2539356605065,15.94503074,0:LIVING
8055ae80-79da-47e2-8f7b-ba5fe78f8e37.wxs.aliquot_ensemble_masked.maf,TCGA-D7-6527-01A-11D-1800-08,TCGA-D7-6527,TCGA-D7-6527-01,226,173,5.766666666666667,CIN,official_TCGA,male,Dead,312.0,22868.0,,62.60917180013689,10.25742184,1:DECEASED
80673cdf-0544-406a-b89b-a5d841b9db8f.wxs.aliquot_ensemble_masked.maf,TCGA-BR-8373-01A-11D-2340-08,TCGA-BR-8373,TCGA-BR-8373-01,96,63,2.1,CIN,official_TCGA,female,Alive,,23744.0,450.0,65.00752908966462,14.79435842,0:LIVING
807c297a-725f-43f6-a870-0abe2dde7986.wxs.aliquot_ensemble_masked.maf,TCGA-BR-8372-01A-11D-2340-08,TCGA-BR-8372,TCGA-BR-8372-01,1541,1165,38.833333333333336,MSI,official_TCGA,male,Alive,,23346.0,951.0,63.917864476386036,31.26541079,0:LIVING
8134a758-7cf2-43aa-9ab1-92e1fb9054dd.wxs.aliquot_ensemble_masked.maf,TCGA-VQ-A91Q-01A-12D-A410-08,TCGA-VQ-A91Q,TCGA-VQ-A91Q-01,110,81,2.7,CIN,official_TCGA,male,Dead,633.0,22854.0,,62.57084188911704,20.81073084,1:DECEASED
819d54e5-a48c-43a4-88f0-7ff7df08f499.wxs.aliquot_ensemble_masked.maf,TCGA-IN-A6RL-01A-11D-A32N-08,TCGA-IN-A6RL,TCGA-IN-A6RL-01,482,357,11.9,POLE,official_TCGA,male,Dead,406.0,30783.0,406.0,84.27926078028747,13.34779893,1:DECEASED
820c4baf-66c3-4fa9-bfc6-9d84d1c781f8.wxs.aliquot_ensemble_masked.maf,TCGA-D7-5578-01A-01D-1600-08,TCGA-D7-5578,TCGA-D7-5578-01,239,175,5.833333333333333,CIN,official_TCGA,male,Alive,,29390.0,385.0,80.46543463381246,12.65739554,0:LIVING
8216de9b-83f6-4e65-8c45-50c1b1922ca4.wxs.aliquot_ensemble_masked.maf,TCGA-HU-A4GN-01A-11D-A25D-08,TCGA-HU-A4GN,TCGA-HU-A4GN-01,1303,977,32.56666666666667,MSI,official_TCGA,male,Alive,,22288.0,912.0,61.021218343600275,29.98323306,0:LIVING
82f4aeed-07f7-4bfc-bf9a-9137cb109bf7.wxs.aliquot_ensemble_masked.maf,TCGA-CG-5721-01A-11D-1600-08,TCGA-CG-5721,TCGA-CG-5721-01,4865,3616,120.53333333333332,MSI,official_TCGA,male,Alive,,21244.0,183.0,58.16290212183436,6.016372423,0:LIVING
830c64c4-07df-469f-82e7-e2b169491924.wxs.aliquot_ensemble_masked.maf,TCGA-CD-5800-01A-11D-1600-08,TCGA-CD-5800,TCGA-CD-5800-01,163,125,4.166666666666667,CIN,official_TCGA,female,Alive,,,400.0,,13.15054082,0:LIVING
833fdd23-1445-42a1-9ce4-047997e81ecf.wxs.aliquot_ensemble_masked.maf,TCGA-BR-6802-01A-11D-1882-08,TCGA-BR-6802,TCGA-BR-6802-01,516,384,12.8,MSI,official_TCGA,male,Alive,,24722.0,,67.68514715947981,30.90377092,0:LIVING
835ee333-b2e1-4704-8b11-0b4955a8a5b2.wxs.aliquot_ensemble_masked.maf,TCGA-BR-4201-01A-01D-1126-08,TCGA-BR-4201,TCGA-BR-4201-01,1701,1305,43.5,MSI,official_TCGA,female,Dead,940.0,24354.0,940.0,66.6776180698152,30.90377092,1:DECEASED
83a3f5cd-c395-4c67-9d12-38a2c0b25df2.wxs.aliquot_ensemble_masked.maf,TCGA-CG-4449-01A-01D-1158-08,TCGA-CG-4449,TCGA-CG-4449-01,101,74,2.466666666666667,CIN,official_TCGA,male,Alive,,30041.0,,82.24777549623545,19.06828418,0:LIVING
848e15be-398f-49f1-a4f4-ae1b8876e195.wxs.aliquot_ensemble_masked.maf,TCGA-MX-A5UJ-01A-11D-A31L-08,TCGA-MX-A5UJ,TCGA-MX-A5UJ-01,1706,1285,42.833333333333336,MSI,official_TCGA,female,Alive,,31517.0,600.0,86.28884325804243,19.72581122,0:LIVING
8581e1c4-aaf8-449c-a35a-33dae46e1f85.wxs.aliquot_ensemble_masked.maf,TCGA-D7-6526-01A-11D-1800-08,TCGA-D7-6526,TCGA-D7-6526-01,225,158,5.266666666666667,CIN,official_TCGA,female,Alive,,24477.0,523.0,67.01437371663245,17.19433212,0:LIVING
86ccca45-1d5e-433c-a2a7-541f837dd0a7.wxs.aliquot_ensemble_masked.maf,TCGA-VQ-A924-01A-11D-A410-08,TCGA-VQ-A924,TCGA-VQ-A924-01,1577,1227,40.9,MSI,official_TCGA,male,Dead,1686.0,25351.0,1686.0,69.4072553045859,55.42952954,1:DECEASED
86ee309d-d44a-4933-b4e3-958f3013e5d7.wxs.aliquot_ensemble_masked.maf,TCGA-B7-A5TI-01A-11D-A31L-08,TCGA-B7-A5TI,TCGA-B7-A5TI-01,710,533,17.766666666666666,MSI,official_TCGA,male,Alive,,19014.0,595.0,52.05749486652977,19.56142946,0:LIVING
87085d5d-c916-4883-acc9-e92848c5a6dc.wxs.aliquot_ensemble_masked.maf,TCGA-BR-8297-01A-12D-2340-08,TCGA-BR-8297,TCGA-BR-8297-01,235,175,5.833333333333333,CIN,official_TCGA,male,Alive,,21224.0,225.0,58.10814510609172,7.397179209,0:LIVING
87201cae-c33c-4908-b22c-365cc56b6aec.wxs.aliquot_ensemble_masked.maf,TCGA-BR-7901-01A-11D-2201-08,TCGA-BR-7901,TCGA-BR-7901-01,166,116,3.8666666666666663,CIN,official_TCGA,male,Dead,105.0,27122.0,,74.25598904859685,3.452016964,1:DECEASED
873c1e59-6d10-4c82-b8ea-0b3113a8cd9a.wxs.aliquot_ensemble_masked.maf,TCGA-VQ-A91K-01A-11D-A410-08,TCGA-VQ-A91K,TCGA-VQ-A91K-01,1562,1153,38.43333333333333,MSI,official_TCGA,male,Alive,,25424.0,1862.0,69.60711841204655,61.2157675,0:LIVING
88315ddc-0645-4925-9c60-a829f9bdb9cc.wxs.aliquot_ensemble_masked.maf,TCGA-D7-6524-01A-11D-1800-08,TCGA-D7-6524,TCGA-D7-6524-01,89,63,2.1,GS,official_TCGA,male,Alive,,19532.0,543.0,53.4757015742642,17.85185916,0:LIVING
8894c212-d9f2-4d02-9759-54a8d5a1fcb0.wxs.aliquot_ensemble_masked.maf,TCGA-VQ-A8PM-01A-21D-A410-08,TCGA-VQ-A8PM,TCGA-VQ-A8PM-01,53,39,1.3,CIN,official_TCGA,male,Dead,57.0,20665.0,57.0,56.577686516084874,1.873952066,1:DECEASED
88d07b74-c6c1-42fd-ac9c-79ca9dc27521.wxs.aliquot_ensemble_masked.maf,TCGA-VQ-A8PC-01A-11D-A397-08,TCGA-VQ-A8PC,TCGA-VQ-A8PC-01,134,101,3.3666666666666667,CIN,official_TCGA,male,Dead,1407.0,25199.0,,68.99110198494182,46.25702732,1:DECEASED
89116bd3-1aba-4b8a-8aff-2916e5cdd87b.wxs.aliquot_ensemble_masked.maf,TCGA-RD-A8MV-01A-11D-A364-08,TCGA-RD-A8MV,TCGA-RD-A8MV-01,69,60,2.0,CIN,official_TCGA,male,Alive,,20771.0,3720.0,56.86789869952088,122.3000296,0:LIVING
89cc0a3b-f362-4ccf-b6d0-fdcbc487ed67.wxs.aliquot_ensemble_masked.maf,TCGA-VQ-A8PF-01A-11D-A410-08,TCGA-VQ-A8PF,TCGA-VQ-A8PF-01,101,77,2.566666666666667,EBV,official_TCGA,male,Dead,76.0,28116.0,76.0,76.97741273100615,2.498602755,1:DECEASED
8a11f43e-3191-44a1-bf3a-0c23c8785313.wxs.aliquot_ensemble_masked.maf,TCGA-BR-7723-01A-11D-2053-08,TCGA-BR-7723,TCGA-BR-7723-01,179,126,4.2,CIN,official_TCGA,male,Dead,874.0,21839.0,874.0,59.79192334017796,28.73393168,1:DECEASED
8cd17880-ab20-4619-b8db-3003bf4d1ac7.wxs.aliquot_ensemble_masked.maf,TCGA-BR-6565-01A-11D-1800-08,TCGA-BR-6565,TCGA-BR-6565-01,140,105,3.5,CIN,official_TCGA,male,Dead,279.0,24495.0,279.0,67.06365503080082,9.172502219,1:DECEASED
8dccdc86-9674-4501-8e78-d2269050de6a.wxs.aliquot_ensemble_masked.maf,TCGA-VQ-A91A-01A-11D-A410-08,TCGA-VQ-A91A,TCGA-VQ-A91A-01,134,106,3.533333333333333,CIN,official_TCGA,male,Alive,,24670.0,1200.0,67.54277891854893,39.45162245,0:LIVING
8ec3b793-a0f4-4953-a570-65ed578fe7e8.wxs.aliquot_ensemble_masked.maf,TCGA-BR-A4CR-01A-11D-A24D-08,TCGA-BR-A4CR,TCGA-BR-A4CR-01,72,47,1.5666666666666669,CIN,official_TCGA,female,Alive,,25669.0,0.0,70.27789185489391,0.0,0:LIVING
8f18b6b6-dda9-40b1-b0d2-e53e79af0035.wxs.aliquot_ensemble_masked.maf,TCGA-CG-4441-01A-01D-1800-08,TCGA-CG-4441,TCGA-CG-4441-01,118,86,2.8666666666666667,GS,official_TCGA,male,Dead,426.0,30528.0,426.0,83.58110882956879,14.00532597,1:DECEASED
8f4a2f76-f049-405c-8a7c-8203900decf4.wxs.aliquot_ensemble_masked.maf,TCGA-IN-8462-01A-11D-2340-08,TCGA-IN-8462,TCGA-IN-8462-01,129,99,3.3,CIN,official_TCGA,male,Alive,,29512.0,,80.79945242984257,18.80527337,0:LIVING
8fbc0deb-b855-49f0-9df5-79c5c8f73b71.wxs.aliquot_ensemble_masked.maf,TCGA-VQ-A91U-01A-11D-A410-08,TCGA-VQ-A91U,TCGA-VQ-A91U-01,158,112,3.733333333333333,CIN,official_TCGA,male,Dead,52.0,28791.0,52.0,78.82546201232033,1.709570306,1:DECEASED
8fcfb807-78e8-4679-a47c-575ef36db96a.wxs.aliquot_ensemble_masked.maf,TCGA-BR-4294-01A-01D-1126-08,TCGA-BR-4294,TCGA-BR-4294-01,33,24,0.8,CIN,official_TCGA,male,Alive,,23758.0,0.0,65.04585900068446,0.0,0:LIVING
90cd583e-ee7d-45e5-9a2f-5bc0f38d7088.wxs.aliquot_ensemble_masked.maf,TCGA-RD-A8N9-01A-12D-A397-08,TCGA-RD-A8N9,TCGA-RD-A8N9-01,134,87,2.9,CIN,official_TCGA,female,Alive,,23059.0,1083.0,63.13210130047912,35.60508926,0:LIVING
9236cb23-a673-4b21-a5e5-919117aed2fa.wxs.aliquot_ensemble_masked.maf,TCGA-VQ-A8P5-01A-11D-A397-08,TCGA-VQ-A8P5,TCGA-VQ-A8P5-01,219,173,5.766666666666667,CIN,official_TCGA,male,Dead,235.0,24571.0,235.0,67.27173169062286,7.725942729,1:DECEASED
9272517a-5964-4e68-a8b5-5dfc77efa37e.wxs.aliquot_ensemble_masked.maf,TCGA-BR-6454-01A-11D-1800-08,TCGA-BR-6454,TCGA-BR-6454-01,154,113,3.7666666666666666,CIN,official_TCGA,male,Alive,,21501.0,0.0,58.86652977412731,0.0,0:LIVING
9278f168-6983-4da5-a0c5-8e81ea746bb1.wxs.aliquot_ensemble_masked.maf,TCGA-D7-8579-01A-11D-2340-08,TCGA-D7-8579,TCGA-D7-8579-01,115,85,2.833333333333333,GS,official_TCGA,female,Alive,,24120.0,636.0,66.03696098562628,20.9093599,0:LIVING
929e5a04-a9e7-4bd4-9888-b5cda5d73830.wxs.aliquot_ensemble_masked.maf,TCGA-CD-A489-01A-11D-A24D-08,TCGA-CD-A489,TCGA-CD-A489-01,84,60,2.0,CIN,official_TCGA,male,Dead,344.0,21794.0,,59.66872005475702,11.3094651,1:DECEASED
92c0988a-e39f-4561-be8d-093c6b86a199.wxs.aliquot_ensemble_masked.maf,TCGA-RD-A8N4-01A-21D-A364-08,TCGA-RD-A8N4,TCGA-RD-A8N4-01,1,1,0.0333333333333333,GS,official_TCGA,female,Alive,,21324.0,2171.0,58.38193018480493,71.37456028,0:LIVING
93066aad-b49e-4976-b2fc-304909b1857f.wxs.aliquot_ensemble_masked.maf,TCGA-B7-5818-01A-11D-1600-08,TCGA-B7-5818,TCGA-B7-5818-01,413,307,10.233333333333333,EBV,official_TCGA,male,Alive,,22792.0,356.0,62.40109514031485,11.70398133,0:LIVING
95e17c91-1d3f-4d61-8620-506c08c181f8.wxs.aliquot_ensemble_masked.maf,TCGA-VQ-A927-01A-12D-A410-08,TCGA-VQ-A927,TCGA-VQ-A927-01,43,32,1.0666666666666669,GS,official_TCGA,male,Dead,200.0,29676.0,200.0,81.24845995893224,6.575270408,1:DECEASED
96474bc1-96f4-45fe-947d-4f4075f3e3d3.wxs.aliquot_ensemble_masked.maf,TCGA-BR-A4PE-01A-31D-A25D-08,TCGA-BR-A4PE,TCGA-BR-A4PE-01,230,167,5.566666666666666,CIN,official_TCGA,female,Alive,,24986.0,621.0,68.40793976728268,20.41621462,0:LIVING
96a39a49-93db-4553-9616-ea2fd629643a.wxs.aliquot_ensemble_masked.maf,TCGA-BR-6706-01A-11D-1882-08,TCGA-BR-6706,TCGA-BR-6706-01,200,159,5.3,EBV,official_TCGA,male,Dead,549.0,23455.0,,64.21629021218344,18.04911727,1:DECEASED
96cac2fb-0254-4e1d-99ee-a487e44f6a32.wxs.aliquot_ensemble_masked.maf,TCGA-VQ-A91W-01A-11D-A410-08,TCGA-VQ-A91W,TCGA-VQ-A91W-01,45,31,1.0333333333333334,EBV,official_TCGA,male,Alive,,10963.0,1851.0,30.015058179329227,60.85412763,0:LIVING
9760ec91-98ad-495c-803a-fd9ec3014f23.wxs.aliquot_ensemble_masked.maf,TCGA-IN-7806-01A-11D-2053-08,TCGA-IN-7806,TCGA-IN-7806-01,76,60,2.0,CIN,official_TCGA,male,Alive,,18404.0,1106.0,50.38740588637919,36.36124536,0:LIVING
98f9302d-fc6a-4691-9edb-b44d2088991f.wxs.aliquot_ensemble_masked.maf,TCGA-RD-A7BT-01A-11D-A33T-08,TCGA-RD-A7BT,TCGA-RD-A7BT-01,245,187,6.233333333333333,,unknown,male,Dead,262.0,24230.0,,66.33812457221082,8.613604235,1:DECEASED
9964d58b-eda6-4854-9ee9-4d16a602a1d0.wxs.aliquot_ensemble_masked.maf,TCGA-BR-8078-01A-11D-2340-08,TCGA-BR-8078,TCGA-BR-8078-01,1884,1464,48.8,MSI,official_TCGA,female,Alive,,25861.0,900.0,70.80355920602327,29.58871684,0:LIVING
997b5576-f9e3-4190-ba98-909d53cb7030.wxs.aliquot_ensemble_masked.maf,TCGA-D7-5577-01A-01D-1600-08,TCGA-D7-5577,TCGA-D7-5577-01,123,97,3.2333333333333334,EBV,official_TCGA,female,Dead,782.0,20044.0,,54.87748117727584,25.7093073,1:DECEASED
99e6cc30-b754-4c05-87e0-51736a702ef6.wxs.aliquot_ensemble_masked.maf,TCGA-VQ-A8DU-01A-11D-A364-08,TCGA-VQ-A8DU,TCGA-VQ-A8DU-01,145,117,3.9,CIN,official_TCGA,male,Dead,166.0,23042.0,166.0,63.08555783709788,5.457474439,1:DECEASED
99fc5c61-64b4-4c15-96ea-44dc2d86cdaf.wxs.aliquot_ensemble_masked.maf,TCGA-VQ-AA64-01A-11D-A410-08,TCGA-VQ-AA64,TCGA-VQ-AA64-01,300,222,7.4,CIN,official_TCGA,male,Dead,560.0,25109.0,560.0,68.74469541409994,18.41075714,1:DECEASED
9a116edb-faa2-4212-8cc9-5c5d1af7c1de.wxs.aliquot_ensemble_masked.maf,TCGA-IN-A7NR-01A-11D-A34U-08,TCGA-IN-A7NR,TCGA-IN-A7NR-01,86,61,2.033333333333333,CIN,official_TCGA,female,Alive,,23415.0,198.0,64.10677618069815,6.509517704,0:LIVING
9a2c8217-42ab-423c-ad7f-a28e4aee631b.wxs.aliquot_ensemble_masked.maf,TCGA-VQ-A8E3-01A-11D-A397-08,TCGA-VQ-A8E3,TCGA-VQ-A8E3-01,867,667,22.23333333333333,MSI,official_TCGA,male,Dead,661.0,28919.0,661.0,79.17590691307323,21.7312687,1:DECEASED
9a3f979e-f9e7-4b57-9f0b-e439b6ba0ebf.wxs.aliquot_ensemble_masked.maf,TCGA-CG-5722-01A-21D-1600-08,TCGA-CG-5722,TCGA-CG-5722-01,87,66,2.2,EBV,official_TCGA,female,Alive,,24472.0,30.0,67.00068446269678,0.986290561,0:LIVING
9a41f6f9-f108-4f86-a425-108a848c2016.wxs.aliquot_ensemble_masked.maf,TCGA-BR-A4J1-01A-11D-A25D-08,TCGA-BR-A4J1,TCGA-BR-A4J1-01,72,50,1.6666666666666667,CIN,official_TCGA,male,Dead,22.0,23266.0,22.0,63.69883641341547,0.723279745,1:DECEASED
9a7bcb50-89ec-4000-a94d-350b4b74c4aa.wxs.aliquot_ensemble_masked.maf,TCGA-BR-A4J2-01A-21D-A25D-08,TCGA-BR-A4J2,TCGA-BR-A4J2-01,39,24,0.8,GS,official_TCGA,male,Alive,,25891.0,431.0,70.88569472963724,14.16970773,0:LIVING
9affaafd-c904-40f3-b548-84fd743af2d0.wxs.aliquot_ensemble_masked.maf,TCGA-BR-7715-01A-11D-2053-08,TCGA-BR-7715,TCGA-BR-7715-01,143,108,3.6,CIN,official_TCGA,male,Alive,,23861.0,1023.0,65.32785763175907,33.63250814,0:LIVING
9b39340c-56e2-4334-8488-51b7e1dfdb5d.wxs.aliquot_ensemble_masked.maf,TCGA-BR-6458-01A-11D-1800-08,TCGA-BR-6458,TCGA-BR-6458-01,324,236,7.866666666666666,CIN,official_TCGA,female,Dead,588.0,21643.0,,59.25530458590007,19.331295,1:DECEASED
9c5c03a8-465c-4de7-9284-249fd5b48e3f.wxs.aliquot_ensemble_masked.maf,TCGA-HU-A4HB-01A-12D-A25D-08,TCGA-HU-A4HB,TCGA-HU-A4HB-01,14,12,0.4,,unknown,male,Dead,477.0,25521.0,,69.87268993839835,15.68201992,1:DECEASED
9c5f595a-b0a7-4397-8c23-8d5e4fa64529.wxs.aliquot_ensemble_masked.maf,TCGA-D7-8574-01A-13D-2340-08,TCGA-D7-8574,TCGA-D7-8574-01,32,21,0.7,GS,official_TCGA,male,Alive,,26586.0,523.0,72.78850102669405,17.19433212,0:LIVING
9cc4e143-8d85-436a-b198-89bb0f0e0452.wxs.aliquot_ensemble_masked.maf,TCGA-KB-A93G-01A-11D-A397-08,TCGA-KB-A93G,TCGA-KB-A93G-01,93,68,2.2666666666666666,,unknown,male,Alive,,,,,20.1532038,0:LIVING
9da3f1e4-9c6e-4636-9d0e-d2315987da28.wxs.aliquot_ensemble_masked.maf,TCGA-F1-6177-01A-11D-1800-08,TCGA-F1-6177,TCGA-F1-6177-01,1534,1153,38.43333333333333,MSI,official_TCGA,male,Dead,,32872.0,0.0,89.99863107460644,6.575270408,0:LIVING
9deb8810-1a6b-45ab-9747-896d5f4b07fa.wxs.aliquot_ensemble_masked.maf,TCGA-CG-4437-01A-01D-1800-08,TCGA-CG-4437,TCGA-CG-4437-01,576,434,14.466666666666669,POLE,official_TCGA,male,Alive,,30467.0,245.0,83.41409993155374,8.05470625,0:LIVING
9e5a336d-2a52-461d-9a4d-9df7a10406fe.wxs.aliquot_ensemble_masked.maf,TCGA-VQ-AA6J-01A-11D-A410-08,TCGA-VQ-AA6J,TCGA-VQ-AA6J-01,147,110,3.6666666666666665,CIN,official_TCGA,male,Alive,,27506.0,838.0,75.30732375085557,27.55038301,0:LIVING
9ee77b62-7876-4b8b-9b9c-032f410ba5e5.wxs.aliquot_ensemble_masked.maf,TCGA-CD-8536-01A-11D-2340-08,TCGA-CD-8536,TCGA-CD-8536-01,1044,824,27.466666666666665,MSI,official_TCGA,male,Alive,,27328.0,378.0,74.81998631074606,12.42726107,0:LIVING
9faab466-4c7b-46b3-8786-09b8bc5222ac.wxs.aliquot_ensemble_masked.maf,TCGA-EQ-8122-01A-11D-2340-08,TCGA-EQ-8122,TCGA-EQ-8122-01,188,142,4.733333333333333,CIN,official_TCGA,female,Dead,243.0,26289.0,243.0,71.97535934291581,7.988953546,1:DECEASED
a00e87c1-13d4-45e5-a188-9cc79b21a601.wxs.aliquot_ensemble_masked.maf,TCGA-FP-A8CX-01A-11D-A364-08,TCGA-FP-A8CX,TCGA-FP-A8CX-01,96,75,2.5,CIN,official_TCGA,male,Alive,,22000.0,7.0,60.23271731690623,0.230134464,0:LIVING
a013b0d8-6b68-4082-a36a-d4684aaec93b.wxs.aliquot_ensemble_masked.maf,TCGA-BR-8486-01A-31D-2394-08,TCGA-BR-8486,TCGA-BR-8486-01,60,49,1.6333333333333333,CIN,official_TCGA,female,Alive,,32872.0,0.0,89.99863107460644,20.21895651,0:LIVING
a08c4786-f24b-47fb-9a20-f5b6f4a1e1cf.wxs.aliquot_ensemble_masked.maf,TCGA-BR-8291-01A-11D-2340-08,TCGA-BR-8291,TCGA-BR-8291-01,30,23,0.7666666666666667,CIN,official_TCGA,male,Dead,607.0,22552.0,607.0,61.74401095140315,19.95594569,1:DECEASED
a142a6e9-54c7-4d54-9318-33b9c6176908.wxs.aliquot_ensemble_masked.maf,TCGA-CD-5798-01A-11D-1600-08,TCGA-CD-5798,TCGA-CD-5798-01,87,61,2.033333333333333,GS,official_TCGA,male,Alive,,30310.0,408.0,82.98425735797399,13.41355163,0:LIVING
a2d32016-9249-4c77-91bd-83e491c2d262.wxs.aliquot_ensemble_masked.maf,TCGA-IN-A6RS-01A-12D-A34U-08,TCGA-IN-A6RS,TCGA-IN-A6RS-01,113,72,2.4,CIN,official_TCGA,male,Alive,,27808.0,383.0,76.13415468856947,12.59164283,0:LIVING
a372a558-86dc-4050-b317-d4f78fd36223.wxs.aliquot_ensemble_masked.maf,TCGA-R5-A805-01A-11D-A364-08,TCGA-R5-A805,TCGA-R5-A805-01,134,100,3.333333333333333,CIN,official_TCGA,male,Dead,281.0,26122.0,281.0,71.51813826146476,9.238254923,1:DECEASED
a3ea9df4-0963-4b80-950c-6fbbf2581def.wxs.aliquot_ensemble_masked.maf,TCGA-BR-7722-01A-31D-2201-08,TCGA-BR-7722,TCGA-BR-7722-01,44,30,1.0,CIN,official_TCGA,male,Dead,466.0,22701.0,466.0,62.15195071868583,15.32038005,1:DECEASED
a4c7f213-be60-4de6-b02f-dfec2bd34582.wxs.aliquot_ensemble_masked.maf,TCGA-CG-5732-01A-11D-1600-08,TCGA-CG-5732,TCGA-CG-5732-01,57,37,1.2333333333333334,CIN,official_TCGA,male,Dead,2100.0,24379.0,2100.0,66.7460643394935,69.04033928,1:DECEASED
a4eba615-ed90-4192-98ee-274478960b42.wxs.aliquot_ensemble_masked.maf,TCGA-D7-A6F2-01A-12D-A31L-08,TCGA-D7-A6F2,TCGA-D7-A6F2-01,71,54,1.8,CIN,official_TCGA,male,Alive,,22801.0,476.0,62.42573579739904,15.64914357,0:LIVING
a6a20ecb-335b-4ebd-a75d-7d318973ee67.wxs.aliquot_ensemble_masked.maf,TCGA-CG-4300-01A-01D-1158-08,TCGA-CG-4300,TCGA-CG-4300-01,109,85,2.833333333333333,,unknown,male,Dead,609.0,29128.0,609.0,79.74811772758385,20.02169839,1:DECEASED
a6ec66ad-f2ad-4010-a81c-6ef5fc30de03.wxs.aliquot_ensemble_masked.maf,TCGA-BR-4280-01A-01D-1126-08,TCGA-BR-4280,TCGA-BR-4280-01,832,651,21.7,MSI,official_TCGA,female,Dead,201.0,28515.0,201.0,78.06981519507187,6.60814676,1:DECEASED
a7bfc7b1-8293-48ad-ae9d-8b6b0d623e2b.wxs.aliquot_ensemble_masked.maf,TCGA-RD-A7C1-01A-11D-A32N-08,TCGA-RD-A7C1,TCGA-RD-A7C1-01,281,219,7.3,CIN,official_TCGA,male,Dead,507.0,30609.0,,83.80287474332648,16.66831048,1:DECEASED
a9ecd394-4b9a-4ea4-8f79-7ff597161d85.wxs.aliquot_ensemble_masked.maf,TCGA-BR-4371-01A-01D-1158-08,TCGA-BR-4371,TCGA-BR-4371-01,160,114,3.8,GS,official_TCGA,female,Alive,,26290.0,0.0,71.97809719370294,0.0,0:LIVING
aacb3cb3-c8b7-4630-9e0c-3e07c1a02073.wxs.aliquot_ensemble_masked.maf,TCGA-BR-8060-01A-11D-2340-08,TCGA-BR-8060,TCGA-BR-8060-01,238,164,5.466666666666667,,unknown,female,Dead,348.0,27561.0,348.0,75.45790554414785,11.44097051,1:DECEASED
ac4b1da4-761a-4238-bbd7-53dab9aa1d5b.wxs.aliquot_ensemble_masked.maf,TCGA-VQ-A8P2-01A-11D-A364-08,TCGA-VQ-A8P2,TCGA-VQ-A8P2-01,8088,5850,195.0,MSI,official_TCGA,male,Alive,,25129.0,1160.0,68.79945242984257,38.13656837,0:LIVING
ac7629d3-f48b-4c91-80c4-049113b35a67.wxs.aliquot_ensemble_masked.maf,TCGA-D7-6817-01A-11D-1882-08,TCGA-D7-6817,TCGA-D7-6817-01,83,64,2.1333333333333333,CIN,official_TCGA,male,Alive,,23142.0,389.0,63.35934291581109,12.78890094,0:LIVING
acf8ef80-17cf-49f1-b3e1-577f36657494.wxs.aliquot_ensemble_masked.maf,TCGA-D7-A747-01A-22D-A33T-08,TCGA-D7-A747,TCGA-D7-A747-01,92,77,2.566666666666667,CIN,official_TCGA,male,Dead,255.0,20923.0,255.0,57.28405201916495,8.38346977,1:DECEASED
ad0a3d0b-968f-4938-97ce-e3a468326d08.wxs.aliquot_ensemble_masked.maf,TCGA-CD-A487-01A-21D-A24D-08,TCGA-CD-A487,TCGA-CD-A487-01,189,146,4.866666666666666,CIN,official_TCGA,male,Alive,,18694.0,374.0,51.181382614647504,12.29575566,0:LIVING
b04b9934-90ab-4dca-8594-d0cf6adc8f84.wxs.aliquot_ensemble_masked.maf,TCGA-D7-6520-01A-11D-1800-08,TCGA-D7-6520,TCGA-D7-6520-01,65,47,1.5666666666666669,CIN,official_TCGA,male,Alive,,19513.0,,53.42368240930869,18.83814972,0:LIVING
b0e7926b-dab2-4c56-bf3d-743189d97b72.wxs.aliquot_ensemble_masked.maf,TCGA-HU-A4H3-01A-21D-A25D-08,TCGA-HU-A4H3,TCGA-HU-A4H3-01,1110,835,27.83333333333333,MSI,official_TCGA,female,Alive,,21256.0,,58.195756331279945,28.9969425,0:LIVING
b1f9cd83-5e15-4152-a52d-debe394b20ef.wxs.aliquot_ensemble_masked.maf,TCGA-HF-7131-01A-11D-2053-08,TCGA-HF-7131,TCGA-HF-7131-01,99,71,2.3666666666666667,,unknown,female,Alive,,,,,,
b229c0a0-491b-4e2a-aaf4-50705c5fb425.wxs.aliquot_ensemble_masked.maf,TCGA-VQ-A94P-01A-13D-A410-08,TCGA-VQ-A94P,TCGA-VQ-A94P-01,57,47,1.5666666666666669,CIN,official_TCGA,male,Dead,81.0,21022.0,81.0,57.555099247091036,2.662984515,1:DECEASED
b249bae2-b5f5-4fdc-89b0-8434c59b2af5.wxs.aliquot_ensemble_masked.maf,TCGA-D7-8578-01A-21D-2340-08,TCGA-D7-8578,TCGA-D7-8578-01,57,45,1.5,CIN,official_TCGA,male,Alive,,27071.0,,74.11635865845311,21.13949436,0:LIVING
b2e5f34a-b9ab-49ed-a4c5-9e20d7924944.wxs.aliquot_ensemble_masked.maf,TCGA-HF-7133-01A-11D-2053-08,TCGA-HF-7133,TCGA-HF-7133-01,81,63,2.1,CIN,official_TCGA,female,Alive,,,1918.0,,63.05684321,0:LIVING
b42c09e8-ab12-4f89-aa3c-a86289232c46.wxs.aliquot_ensemble_masked.maf,TCGA-BR-7959-01A-11D-2340-08,TCGA-BR-7959,TCGA-BR-7959-01,97,77,2.566666666666667,CIN,official_TCGA,male,Alive,,21730.0,1010.0,59.493497604380565,33.20511556,0:LIVING
b4538b19-18e1-43a0-af3e-5481f7299748.wxs.aliquot_ensemble_masked.maf,TCGA-CD-A4MG-01A-11D-A25D-08,TCGA-CD-A4MG,TCGA-CD-A4MG-01,2703,2056,68.53333333333333,MSI,official_TCGA,male,Dead,200.0,28019.0,200.0,76.71184120465435,6.575270408,1:DECEASED
b4b31a21-260b-41d6-8844-ff87a809bdcc.wxs.aliquot_ensemble_masked.maf,TCGA-CD-8526-01A-11D-2340-08,TCGA-CD-8526,TCGA-CD-8526-01,50,41,1.3666666666666667,CIN,official_TCGA,female,Alive,,26840.0,381.0,73.4839151266256,12.52589013,0:LIVING
b5549656-9db8-4c64-ba5a-79f0d5db4474.wxs.aliquot_ensemble_masked.maf,TCGA-CG-4304-01A-01D-1158-08,TCGA-CG-4304,TCGA-CG-4304-01,84,58,1.9333333333333331,CIN,official_TCGA,male,Alive,,31017.0,,84.91991786447639,,0:LIVING
b6387287-0b68-4226-b5be-679af5da73c3.wxs.aliquot_ensemble_masked.maf,TCGA-D7-A748-01A-12D-A32N-08,TCGA-D7-A748,TCGA-D7-A748-01,39,30,1.0,GS,official_TCGA,female,Dead,132.0,15289.0,,41.8590006844627,4.339678469,1:DECEASED
b6d4c618-12d1-4590-af5c-7c4cf7a97602.wxs.aliquot_ensemble_masked.maf,TCGA-HU-8249-01A-11D-2340-08,TCGA-HU-8249,TCGA-HU-8249-01,165,116,3.8666666666666663,CIN,official_TCGA,male,Alive,,28012.0,881.0,76.69267624914443,28.96406615,0:LIVING
b75d84c5-bfc5-47e8-a097-912795845581.wxs.aliquot_ensemble_masked.maf,TCGA-CG-4444-01A-01D-1158-08,TCGA-CG-4444,TCGA-CG-4444-01,178,130,4.333333333333333,CIN,official_TCGA,male,Alive,,,,,47.04605977,0:LIVING
b76787ee-4ab4-472e-8a31-8f6addb9115e.wxs.aliquot_ensemble_masked.maf,TCGA-BR-4184-01A-01D-1126-08,TCGA-BR-4184,TCGA-BR-4184-01,3677,2701,90.03333333333333,,unknown,male,Dead,212.0,25816.0,212.0,70.68035592060232,6.969786633,1:DECEASED
b7c434a7-b91c-4b7d-987c-8fba19aecadb.wxs.aliquot_ensemble_masked.maf,TCGA-HU-A4GY-01A-21D-A24D-08,TCGA-HU-A4GY,TCGA-HU-A4GY-01,55,37,1.2333333333333334,CIN,official_TCGA,female,Alive,,28113.0,8.0,76.96919917864476,0.263010816,0:LIVING
b7dd1d3d-aaf0-4a10-ae2e-507e055ec892.wxs.aliquot_ensemble_masked.maf,TCGA-CD-8530-01A-11D-2340-08,TCGA-CD-8530,TCGA-CD-8530-01,84,59,1.9666666666666663,CIN,official_TCGA,male,Alive,,18992.0,377.0,51.997262149212865,12.39438472,0:LIVING
b8f41c19-d047-408a-b54d-3f6b8f66ba14.wxs.aliquot_ensemble_masked.maf,TCGA-D7-6528-01A-11D-1800-08,TCGA-D7-6528,TCGA-D7-6528-01,346,260,8.666666666666666,POLE,official_TCGA,female,Alive,,25815.0,463.0,70.6776180698152,15.221751,0:LIVING
b993ffd6-04f9-4fab-927e-6ee36638a034.wxs.aliquot_ensemble_masked.maf,TCGA-FP-8099-01A-11D-2340-08,TCGA-FP-8099,TCGA-FP-8099-01,152,104,3.466666666666667,CIN,official_TCGA,male,Alive,,29129.0,519.0,79.75085557837097,17.06282671,0:LIVING
bb0fc727-21a3-4a68-bfbd-9e6e94334fe6.wxs.aliquot_ensemble_masked.maf,TCGA-BR-8484-01A-11D-2394-08,TCGA-BR-8484,TCGA-BR-8484-01,88,62,2.066666666666667,CIN,official_TCGA,male,Dead,766.0,22583.0,766.0,61.828884325804246,25.18328566,1:DECEASED
bb393b61-7d6f-4174-9f94-038c16c91335.wxs.aliquot_ensemble_masked.maf,TCGA-CG-4440-01A-01D-1158-08,TCGA-CG-4440,TCGA-CG-4440-01,140,113,3.7666666666666666,CIN,official_TCGA,female,Dead,122.0,25171.0,122.0,68.91444216290212,4.010914949,1:DECEASED
bb89b210-0ecf-4c88-9af7-bf1d3ffde4c8.wxs.aliquot_ensemble_masked.maf,TCGA-BR-8295-01A-11D-2340-08,TCGA-BR-8295,TCGA-BR-8295-01,58,43,1.4333333333333331,,unknown,female,Dead,67.0,22256.0,67.0,60.93360711841205,2.202715587,1:DECEASED
bbaac195-6a3c-44b6-b296-3e0db252f900.wxs.aliquot_ensemble_masked.maf,TCGA-VQ-A8E7-01B-11D-A410-08,TCGA-VQ-A8E7,TCGA-VQ-A8E7-01,109,71,2.3666666666666667,CIN,official_TCGA,male,Alive,,21664.0,1138.0,59.31279945242984,37.41328862,0:LIVING
bc3f71fc-ed2e-4550-98bc-e803573ee662.wxs.aliquot_ensemble_masked.maf,TCGA-IN-A6RJ-01A-21D-A33T-08,TCGA-IN-A6RJ,TCGA-IN-A6RJ-01,121,83,2.7666666666666666,CIN,official_TCGA,male,Alive,,23439.0,379.0,64.17248459958932,12.46013742,0:LIVING
bcc71d9c-116b-4a47-87f5-7385336a380a.wxs.aliquot_ensemble_masked.maf,TCGA-BR-8588-01A-11D-2394-08,TCGA-BR-8588,TCGA-BR-8588-01,128,92,3.066666666666667,CIN,official_TCGA,female,Alive,,20177.0,389.0,55.24161533196441,12.78890094,0:LIVING
bd2fff52-06c6-4fd0-95c6-7c25d28aa40e.wxs.aliquot_ensemble_masked.maf,TCGA-BR-8380-01A-11D-2340-08,TCGA-BR-8380,TCGA-BR-8380-01,71,54,1.8,GS,official_TCGA,male,Dead,,20624.0,,56.46543463381246,0.690403393,0:LIVING
be0d276d-aef1-4970-bebe-4c0d13ae6f0c.wxs.aliquot_ensemble_masked.maf,TCGA-D7-6820-01A-11D-1882-08,TCGA-D7-6820,TCGA-D7-6820-01,89,59,1.9666666666666663,CIN,official_TCGA,male,Alive,,23486.0,344.0,64.30116358658454,11.3094651,0:LIVING
be7db53c-4c8c-4f01-89b4-bf0c01861cf8.wxs.aliquot_ensemble_masked.maf,TCGA-BR-8364-01A-11D-2340-08,TCGA-BR-8364,TCGA-BR-8364-01,16,13,0.4333333333333333,CIN,official_TCGA,female,Alive,,15389.0,675.0,42.13278576317591,22.19153763,0:LIVING
c04f0c00-79a2-4784-8979-b905bbbac37a.wxs.aliquot_ensemble_masked.maf,TCGA-HU-A4GU-01A-11D-A25D-08,TCGA-HU-A4GU,TCGA-HU-A4GU-01,1695,1234,41.13333333333333,MSI,official_TCGA,male,Alive,,27024.0,200.0,73.98767967145791,6.575270408,0:LIVING
c0ab433b-5574-4799-a5bd-ac7de8226958.wxs.aliquot_ensemble_masked.maf,TCGA-BR-4368-01A-01D-1158-08,TCGA-BR-4368,TCGA-BR-4368-01,1503,1129,37.63333333333333,MSI,official_TCGA,female,Alive,,28770.0,0.0,78.76796714579055,0.0,0:LIVING
c0e69e08-4f0b-42c2-a600-da36bae8cf32.wxs.aliquot_ensemble_masked.maf,TCGA-FP-A4BF-01A-12D-A24D-08,TCGA-FP-A4BF,TCGA-FP-A4BF-01,106,81,2.7,CIN,official_TCGA,male,Dead,168.0,25030.0,168.0,68.5284052019165,5.523227143,1:DECEASED
c16c3e5c-369d-4ebd-9ac0-e907decea397.wxs.aliquot_ensemble_masked.maf,TCGA-MX-A663-01A-11D-A31L-08,TCGA-MX-A663,TCGA-MX-A663-01,80,68,2.2666666666666666,CIN,official_TCGA,male,Dead,300.0,24639.0,,67.45790554414785,9.862905612,1:DECEASED
c232da2f-5980-44d2-838f-43faca7695ab.wxs.aliquot_ensemble_masked.maf,TCGA-CD-5801-01A-11D-1600-08,TCGA-CD-5801,TCGA-CD-5801-01,428,325,10.833333333333334,EBV,official_TCGA,male,Dead,401.0,,401.0,,13.18341717,1:DECEASED
c2ca55fc-8ee8-42b9-ada5-e1e61adcdd0f.wxs.aliquot_ensemble_masked.maf,TCGA-CG-4462-01A-01D-1158-08,TCGA-CG-4462,TCGA-CG-4462-01,64,45,1.5,GS,official_TCGA,female,Dead,0.0,26511.0,0.0,72.58316221765914,0.0,1:DECEASED
c39f309f-ce51-4894-886d-d5e17b4d1238.wxs.aliquot_ensemble_masked.maf,TCGA-BR-8077-01A-11D-2340-08,TCGA-BR-8077,TCGA-BR-8077-01,120,91,3.033333333333333,CIN,official_TCGA,female,Alive,,21413.0,21.0,58.625598904859686,0.690403393,0:LIVING
c3d2c8c4-1ea2-4284-a810-8643cce83fcb.wxs.aliquot_ensemble_masked.maf,TCGA-R5-A7O7-01A-11D-A33T-08,TCGA-R5-A7O7,TCGA-R5-A7O7-01,124,88,2.933333333333333,CIN,official_TCGA,male,Alive,,18984.0,1389.0,51.97535934291581,45.66525298,0:LIVING
c4048c42-e671-45cd-b744-9d372eb7993e.wxs.aliquot_ensemble_masked.maf,TCGA-R5-A7ZI-01A-11D-A34U-08,TCGA-R5-A7ZI,TCGA-R5-A7ZI-01,1001,750,25.0,MSI,official_TCGA,female,Alive,,16396.0,2267.0,44.889801505817935,74.53069008,0:LIVING
c418c8bf-9da0-4a40-a4e0-c0876eca4f71.wxs.aliquot_ensemble_masked.maf,TCGA-CD-A48C-01A-11D-A24D-08,TCGA-CD-A48C,TCGA-CD-A48C-01,233,170,5.666666666666667,CIN,official_TCGA,female,Dead,353.0,29203.0,353.0,79.95345653661876,11.60535227,1:DECEASED
c6d355bc-b144-4336-98fe-df95ec42738b.wxs.aliquot_ensemble_masked.maf,TCGA-BR-A4J6-01A-11D-A25D-08,TCGA-BR-A4J6,TCGA-BR-A4J6-01,36,26,0.8666666666666667,CIN,official_TCGA,female,Alive,,25279.0,20.0,69.21013004791239,0.657527041,0:LIVING
c7779510-8400-4380-ba6a-1924a5b73017.wxs.aliquot_ensemble_masked.maf,TCGA-CG-5716-01A-21D-1800-08,TCGA-CG-5716,TCGA-CG-5716-01,9,8,0.2666666666666666,,unknown,male,Alive,,,,,,
c7f1d149-0a10-4280-8ee8-b2233bd6754f.wxs.aliquot_ensemble_masked.maf,TCGA-VQ-A8PJ-01A-11D-A410-08,TCGA-VQ-A8PJ,TCGA-VQ-A8PJ-01,172,127,4.233333333333333,CIN,official_TCGA,male,Dead,82.0,19390.0,82.0,53.086926762491444,2.695860867,1:DECEASED
c8d01d14-f774-4ea3-90bf-728c0829800a.wxs.aliquot_ensemble_masked.maf,TCGA-VQ-A8DV-01A-12D-A364-08,TCGA-VQ-A8DV,TCGA-VQ-A8DV-01,78,60,2.0,CIN,official_TCGA,male,Dead,403.0,17630.0,403.0,48.26830937713895,13.24916987,1:DECEASED
c8dbba43-0ab4-4ec4-ab34-99a57f260250.wxs.aliquot_ensemble_masked.maf,TCGA-D7-A4YY-01A-11D-A25D-08,TCGA-D7-A4YY,TCGA-D7-A4YY-01,559,384,12.8,MSI,official_TCGA,male,Alive,,22287.0,419.0,61.01848049281314,13.77519151,0:LIVING
c92b02fe-1c79-452b-b192-145e3f9dd885.wxs.aliquot_ensemble_masked.maf,TCGA-CD-8532-01A-11D-2340-08,TCGA-CD-8532,TCGA-CD-8532-01,44,27,0.9,CIN,official_TCGA,male,Dead,354.0,19284.0,354.0,52.79671457905544,11.63822862,1:DECEASED
cac6de60-f79c-4b52-9dd2-def612a15817.wxs.aliquot_ensemble_masked.maf,TCGA-HU-8243-01A-11D-2340-08,TCGA-HU-8243,TCGA-HU-8243-01,131,97,3.2333333333333334,,unknown,male,Dead,180.0,24187.0,180.0,66.22039698836413,5.917743367,1:DECEASED
caec994c-bcdb-4b2f-b679-4e9b8b44b3bc.wxs.aliquot_ensemble_masked.maf,TCGA-HU-A4G9-01A-11D-A24D-08,TCGA-HU-A4G9,TCGA-HU-A4G9-01,921,684,22.8,MSI,official_TCGA,female,Alive,,24753.0,736.0,67.77002053388091,24.1969951,0:LIVING
cca437ea-b71c-4365-b59b-e9e36c9a7e9e.wxs.aliquot_ensemble_masked.maf,TCGA-CG-5717-01A-11D-1600-08,TCGA-CG-5717,TCGA-CG-5717-01,93,71,2.3666666666666667,GS,official_TCGA,male,Dead,212.0,21578.0,,59.07734428473648,6.969786633,1:DECEASED
cdcb48f8-d61e-4267-bf8b-fdc08fb18511.wxs.aliquot_ensemble_masked.maf,TCGA-VQ-AA6D-01A-11D-A410-08,TCGA-VQ-AA6D,TCGA-VQ-AA6D-01,827,624,20.8,MSI,official_TCGA,female,Alive,,19090.0,521.0,52.26557152635181,17.12857941,0:LIVING
ce15c295-20cc-4223-93c1-bdebc1b76e84.wxs.aliquot_ensemble_masked.maf,TCGA-RD-A7BS-01A-11D-A32N-08,TCGA-RD-A7BS,TCGA-RD-A7BS-01,52,32,1.0666666666666669,GS,official_TCGA,male,Dead,336.0,17091.0,,46.79260780287474,11.04645429,1:DECEASED
d0fb36ab-8173-4899-b5f4-867d2534b70a.wxs.aliquot_ensemble_masked.maf,TCGA-BR-6707-01A-11D-1882-08,TCGA-BR-6707,TCGA-BR-6707-01,69,54,1.8,EBV,official_TCGA,male,Dead,605.0,27955.0,,76.5366187542779,16.14228885,0:LIVING
d10b95be-54f0-4f6e-bcc3-590efb8d7d64.wxs.aliquot_ensemble_masked.maf,TCGA-F1-6875-01A-11D-2053-08,TCGA-F1-6875,TCGA-F1-6875-01,90,66,2.2,CIN,official_TCGA,male,Dead,2197.0,29209.0,2197.0,79.96988364134155,72.22934543,1:DECEASED
d18232b9-2398-4d9c-8420-b87c64dec672.wxs.aliquot_ensemble_masked.maf,TCGA-VQ-AA6B-01A-11D-A410-08,TCGA-VQ-AA6B,TCGA-VQ-AA6B-01,85,70,2.333333333333333,CIN,official_TCGA,male,Alive,,17852.0,1002.0,48.876112251882276,32.94210474,0:LIVING
d1bd6524-0074-4055-9550-fc2792955bfb.wxs.aliquot_ensemble_masked.maf,TCGA-BR-7704-01A-11D-2053-08,TCGA-BR-7704,TCGA-BR-7704-01,395,295,9.833333333333334,,unknown,female,Alive,,25300.0,1072.0,69.26762491444217,35.24344939,0:LIVING
d26bd642-1aa5-487b-a9dc-d0975ece4bc2.wxs.aliquot_ensemble_masked.maf,TCGA-BR-4366-01A-01D-1158-08,TCGA-BR-4366,TCGA-BR-4366-01,150,111,3.7,CIN,official_TCGA,male,Alive,,32024.0,0.0,87.67693360711841,0.0,0:LIVING
d2a92e9e-cd4b-45f1-acdf-71551a693a49.wxs.aliquot_ensemble_masked.maf,TCGA-IP-7968-01A-11D-2201-08,TCGA-IP-7968,TCGA-IP-7968-01,117,89,2.966666666666667,CIN,official_TCGA,male,Alive,,27114.0,77.0,74.2340862422998,2.531479107,0:LIVING
d3cfecc7-78cd-48d5-b54d-2bef154ff625.wxs.aliquot_ensemble_masked.maf,TCGA-BR-6564-01A-12D-1882-08,TCGA-BR-6564,TCGA-BR-6564-01,28,18,0.6,CIN,official_TCGA,female,Dead,794.0,17129.0,794.0,46.89664613278576,26.10382352,1:DECEASED
d3df1ece-4196-4f12-9bc0-9e7173dd7ae4.wxs.aliquot_ensemble_masked.maf,TCGA-RD-A8N0-01A-12D-A364-08,TCGA-RD-A8N0,TCGA-RD-A8N0-01,2,2,0.0666666666666666,GS,official_TCGA,female,Alive,,19491.0,1236.0,53.36344969199179,40.63517112,0:LIVING
d4081362-cacd-4369-bd95-24433b7263b4.wxs.aliquot_ensemble_masked.maf,TCGA-BR-6705-01A-12D-1882-08,TCGA-BR-6705,TCGA-BR-6705-01,85,62,2.066666666666667,CIN,official_TCGA,female,Dead,779.0,25073.0,779.0,68.64613278576317,25.61067824,1:DECEASED
d42f4e1a-8bf6-4abe-a1f3-6960dea6d411.wxs.aliquot_ensemble_masked.maf,TCGA-BR-8361-01A-11D-2340-08,TCGA-BR-8361,TCGA-BR-8361-01,1874,1414,47.13333333333333,MSI,official_TCGA,female,Alive,,25999.0,946.0,71.1813826146475,31.10102903,0:LIVING
d4a732c5-586f-4738-a4fa-d340520a5f1e.wxs.aliquot_ensemble_masked.maf,TCGA-VQ-A928-01A-11D-A410-08,TCGA-VQ-A928,TCGA-VQ-A928-01,66,50,1.6666666666666667,GS,official_TCGA,male,Dead,174.0,18058.0,174.0,49.440109514031484,5.720485255,1:DECEASED
d4e12498-6cf7-4520-bc33-ab706ea6809d.wxs.aliquot_ensemble_masked.maf,TCGA-BR-4292-01A-01D-1126-08,TCGA-BR-4292,TCGA-BR-4292-01,1627,1238,41.266666666666666,MSI,official_TCGA,female,Alive,,26670.0,0.0,73.01848049281314,0.0,0:LIVING
d59821f6-c359-4916-b86b-4913e603e3a7.wxs.aliquot_ensemble_masked.maf,TCGA-CD-8524-01A-11D-2340-08,TCGA-CD-8524,TCGA-CD-8524-01,155,118,3.933333333333333,CIN,official_TCGA,female,Alive,,22445.0,388.0,61.451060917180016,12.75602459,0:LIVING
d59f7bfd-23ae-483f-8c31-febb5fb745a8.wxs.aliquot_ensemble_masked.maf,TCGA-HU-A4G2-01A-11D-A25D-08,TCGA-HU-A4G2,TCGA-HU-A4G2-01,51,37,1.2333333333333334,EBV,official_TCGA,male,Alive,,16791.0,739.0,45.97125256673511,24.29562416,0:LIVING
d5c19f11-83c7-4c9a-ac79-f544e214e1a2.wxs.aliquot_ensemble_masked.maf,TCGA-CG-5728-01A-11D-1600-08,TCGA-CG-5728,TCGA-CG-5728-01,1646,1252,41.73333333333333,,unknown,female,Alive,,32293.0,579.0,88.41341546885695,65.09517704,0:LIVING
d60a560b-f2e6-45ef-8dda-2c556efd07e8.wxs.aliquot_ensemble_masked.maf,TCGA-BR-8365-01A-21D-2340-08,TCGA-BR-8365,TCGA-BR-8365-01,25,21,0.7,CIN,official_TCGA,female,Dead,533.0,25725.0,533.0,70.43121149897331,17.52309564,1:DECEASED
d63f8585-b6cb-4571-b3e6-fe63887fe8cd.wxs.aliquot_ensemble_masked.maf,TCGA-D7-8572-01A-11D-2340-08,TCGA-D7-8572,TCGA-D7-8572-01,198,148,4.933333333333334,GS,official_TCGA,male,Alive,,20870.0,511.0,57.138945927446954,16.79981589,0:LIVING
d654b9c0-71d2-420f-92c9-a36e88c2aa5c.wxs.aliquot_ensemble_masked.maf,TCGA-CG-4436-01A-01D-1158-08,TCGA-CG-4436,TCGA-CG-4436-01,167,124,4.133333333333334,CIN,official_TCGA,male,Alive,,20941.0,243.0,57.333333333333336,7.988953546,0:LIVING
d6b5ed97-7348-4fab-9cff-d17467d0dbe2.wxs.aliquot_ensemble_masked.maf,TCGA-CG-5720-01A-11D-1600-08,TCGA-CG-5720,TCGA-CG-5720-01,83,57,1.9,CIN,official_TCGA,male,Dead,30.0,26176.0,30.0,71.66598220396989,0.986290561,1:DECEASED
d6bfd2ce-25ed-49d8-adb5-c43a7ea1c624.wxs.aliquot_ensemble_masked.maf,TCGA-BR-8368-01A-11D-2340-08,TCGA-BR-8368,TCGA-BR-8368-01,1173,871,29.03333333333333,MSI,official_TCGA,female,Alive,,30874.0,131.0,84.5284052019165,4.306802117,0:LIVING
d7ab8b5b-d535-41a3-861f-b9f79fca9165.wxs.aliquot_ensemble_masked.maf,TCGA-VQ-A91E-01A-31D-A410-08,TCGA-VQ-A91E,TCGA-VQ-A91E-01,892,686,22.866666666666667,,unknown,female,Alive,,24549.0,664.0,67.21149897330595,21.82989776,0:LIVING
d7c85a99-6f75-461f-b75e-b34ef3ce99c0.wxs.aliquot_ensemble_masked.maf,TCGA-D7-A4YU-01A-21D-A25D-08,TCGA-D7-A4YU,TCGA-D7-A4YU-01,226,179,5.966666666666667,CIN,official_TCGA,male,Alive,,26781.0,500.0,73.3223819301848,16.43817602,0:LIVING
d7f83ecb-e7a3-4a16-991f-22a136c5a52f.wxs.aliquot_ensemble_masked.maf,TCGA-VQ-A8PE-01A-11D-A410-08,TCGA-VQ-A8PE,TCGA-VQ-A8PE-01,128,97,3.2333333333333334,CIN,official_TCGA,male,Dead,675.0,28755.0,675.0,78.72689938398358,22.19153763,1:DECEASED
d8a59ed0-9143-4916-bcb4-403e26b3cfda.wxs.aliquot_ensemble_masked.maf,TCGA-BR-8296-01A-11D-2340-08,TCGA-BR-8296,TCGA-BR-8296-01,67,46,1.5333333333333334,,unknown,female,Dead,474.0,21917.0,,60.00547570157426,15.58339087,1:DECEASED
d8efaffa-1683-4336-ab9d-0c7e56977793.wxs.aliquot_ensemble_masked.maf,TCGA-VQ-A8PK-01A-12D-A410-08,TCGA-VQ-A8PK,TCGA-VQ-A8PK-01,100,75,2.5,CIN,official_TCGA,male,Dead,543.0,21682.0,,59.36208076659822,17.85185916,1:DECEASED
d95ce0e4-cddf-44fd-b00e-8eb66dc3c9fe.wxs.aliquot_ensemble_masked.maf,TCGA-VQ-A8PO-01A-11D-A410-08,TCGA-VQ-A8PO,TCGA-VQ-A8PO-01,1009,770,25.666666666666668,MSI,official_TCGA,male,Dead,282.0,27506.0,,75.30732375085557,9.271131275,1:DECEASED
d9eac2ff-85f3-4b4f-864a-313e8cfc9a6e.wxs.aliquot_ensemble_masked.maf,TCGA-HU-A4GC-01A-12D-A25D-08,TCGA-HU-A4GC,TCGA-HU-A4GC-01,152,110,3.6666666666666665,CIN,official_TCGA,male,Alive,,27267.0,99.0,74.652977412731,3.254758852,0:LIVING
db850535-1b80-47cc-aafd-35659a5ff947.wxs.aliquot_ensemble_masked.maf,TCGA-BR-8687-01A-11D-2394-08,TCGA-BR-8687,TCGA-BR-8687-01,196,145,4.833333333333333,CIN,official_TCGA,female,Dead,250.0,24472.0,250.0,67.00068446269678,8.21908801,1:DECEASED
db965d4d-91bf-4cce-8d1a-d36794c55a6e.wxs.aliquot_ensemble_masked.maf,TCGA-BR-8058-01A-31D-2340-08,TCGA-BR-8058,TCGA-BR-8058-01,44,33,1.1,CIN,official_TCGA,female,Alive,,19658.0,1133.0,53.82067077344285,37.24890686,0:LIVING
dc1f636d-6620-4aac-8bea-2c81a4a0d551.wxs.aliquot_ensemble_masked.maf,TCGA-BR-4187-01A-01D-1126-08,TCGA-BR-4187,TCGA-BR-4187-01,21,16,0.5333333333333333,GS,official_TCGA,male,Dead,141.0,20635.0,141.0,56.49555099247091,4.635565638,1:DECEASED
df34bc4e-4e51-49ab-b589-eca39947a8ae.wxs.aliquot_ensemble_masked.maf,TCGA-RD-A8NB-01A-12D-A397-08,TCGA-RD-A8NB,TCGA-RD-A8NB-01,686,511,17.033333333333335,MSI,official_TCGA,female,Dead,513.0,29733.0,,81.40451745379877,16.8655686,1:DECEASED
df82d3b0-5372-4184-8a75-fb13b73242d9.wxs.aliquot_ensemble_masked.maf,TCGA-CG-5733-01A-11D-1600-08,TCGA-CG-5733,TCGA-CG-5733-01,1306,991,33.03333333333333,,unknown,female,Dead,641.0,30650.0,641.0,83.9151266255989,21.07374166,1:DECEASED
dfc137b8-595b-4deb-8b1f-2752c337b21b.wxs.aliquot_ensemble_masked.maf,TCGA-VQ-A94R-01A-11D-A410-08,TCGA-VQ-A94R,TCGA-VQ-A94R-01,325,241,8.033333333333333,CIN,official_TCGA,male,Dead,1294.0,24264.0,,66.43121149897331,42.54199954,1:DECEASED
dfd70484-dd70-4659-99ff-dba298b35352.wxs.aliquot_ensemble_masked.maf,TCGA-D7-6818-01A-11D-1882-08,TCGA-D7-6818,TCGA-D7-6818-01,169,137,4.566666666666666,CIN,official_TCGA,male,Dead,376.0,19638.0,,53.765913757700204,12.36150837,1:DECEASED
dfd9610b-98e2-47b7-953b-d56ac2c26752.wxs.aliquot_ensemble_masked.maf,TCGA-CG-4443-01A-01D-1158-08,TCGA-CG-4443,TCGA-CG-4443-01,105,75,2.5,CIN,official_TCGA,male,Alive,,24990.0,912.0,68.41889117043121,29.98323306,0:LIVING
e0035050-be9a-49dc-9d71-e6f2e7d938f4.wxs.aliquot_ensemble_masked.maf,TCGA-BR-8680-01A-11D-2394-08,TCGA-BR-8680,TCGA-BR-8680-01,6617,5098,169.93333333333334,POLE,official_TCGA,male,Alive,,16637.0,972.0,45.549623545516766,31.95581418,0:LIVING
e1559a9c-ba33-4a2f-ab6b-c4f6e14777a0.wxs.aliquot_ensemble_masked.maf,TCGA-FP-7829-01A-11D-2053-08,TCGA-FP-7829,TCGA-FP-7829-01,269,191,6.366666666666666,CIN,official_TCGA,male,Alive,,25534.0,594.0,69.90828199863107,19.52855311,0:LIVING
e1a05185-0f52-4027-b279-b7e59a311009.wxs.aliquot_ensemble_masked.maf,TCGA-BR-7957-01A-11D-2201-08,TCGA-BR-7957,TCGA-BR-7957-01,45,39,1.3,CIN,official_TCGA,female,Dead,276.0,18517.0,276.0,50.69678302532512,9.073873163,1:DECEASED
e29148b9-bcf2-44bd-9d12-5ff9c2bc3c11.wxs.aliquot_ensemble_masked.maf,TCGA-BR-6457-01A-21D-1800-08,TCGA-BR-6457,TCGA-BR-6457-01,109,85,2.833333333333333,GS,official_TCGA,male,Alive,,25396.0,416.0,69.53045859000684,13.67656245,0:LIVING
e3586901-f0cd-472f-91ea-7e2ae2ec5c01.wxs.aliquot_ensemble_masked.maf,TCGA-BR-A4CQ-01A-12D-A25D-08,TCGA-BR-A4CQ,TCGA-BR-A4CQ-01,191,142,4.733333333333333,,unknown,male,Alive,,21207.0,1064.0,58.06160164271047,34.98043857,0:LIVING
e3b5dc01-a1a5-4bbd-8b9c-93b667a7826b.wxs.aliquot_ensemble_masked.maf,TCGA-IN-A6RO-01A-12D-A33T-08,TCGA-IN-A6RO,TCGA-IN-A6RO-01,305,237,7.9,CIN,official_TCGA,male,Dead,,25789.0,154.0,70.60643394934976,,1:DECEASED
e3fe1fc0-d1b1-4b6d-b327-4d87d3cf0e4f.wxs.aliquot_ensemble_masked.maf,TCGA-R5-A7ZE-01B-11D-A34U-08,TCGA-R5-A7ZE,TCGA-R5-A7ZE-01,160,122,4.066666666666666,CIN,official_TCGA,female,Dead,554.0,24328.0,554.0,66.60643394934976,18.21349903,1:DECEASED
e5914f82-1ffd-43c1-bd17-ebfbed0bbf67.wxs.aliquot_ensemble_masked.maf,TCGA-KB-A6F7-01A-12D-A32N-08,TCGA-KB-A6F7,TCGA-KB-A6F7-01,116,90,3.0,CIN,official_TCGA,female,Alive,,19765.0,1935.0,54.11362080766598,63.6157412,0:LIVING
e5a6d52b-2b5c-49e0-b2db-0265bc59497e.wxs.aliquot_ensemble_masked.maf,TCGA-CD-A4MH-01A-11D-A25D-08,TCGA-CD-A4MH,TCGA-CD-A4MH-01,89,61,2.033333333333333,CIN,official_TCGA,female,Alive,,31683.0,371.0,86.74332648870636,12.19712661,0:LIVING
e7108730-04c7-47fa-a514-678e75040809.wxs.aliquot_ensemble_masked.maf,TCGA-FP-A4BE-01A-12D-A24D-08,TCGA-FP-A4BE,TCGA-FP-A4BE-01,1731,1327,44.23333333333333,,unknown,male,Alive,,20148.0,337.0,55.162217659137575,11.07933064,0:LIVING
e8704bab-7905-4b41-9622-e997d5016a5f.wxs.aliquot_ensemble_masked.maf,TCGA-BR-7703-01A-11D-2053-08,TCGA-BR-7703,TCGA-BR-7703-01,748,578,19.266666666666666,MSI,official_TCGA,male,Alive,,29711.0,1100.0,81.34428473648187,36.16398724,0:LIVING
e9cff16c-73c7-4e5c-b8c0-c17c6c05879e.wxs.aliquot_ensemble_masked.maf,TCGA-D7-6822-01A-11D-1882-08,TCGA-D7-6822,TCGA-D7-6822-01,260,203,6.766666666666667,CIN,official_TCGA,male,Alive,,28214.0,375.0,77.2457221081451,12.32863202,0:LIVING
ec6b5b7b-2a19-4a62-961c-83d29850383f.wxs.aliquot_ensemble_masked.maf,TCGA-D7-6518-01A-11D-1800-08,TCGA-D7-6518,TCGA-D7-6518-01,71,50,1.6666666666666667,CIN,official_TCGA,male,Alive,,27594.0,582.0,75.5482546201232,19.13403689,0:LIVING
ecff4f80-ea5d-4a8a-8dee-d0abc562c252.wxs.aliquot_ensemble_masked.maf,TCGA-D7-A74B-01A-12D-A33T-08,TCGA-D7-A74B,TCGA-D7-A74B-01,25,16,0.5333333333333333,,unknown,female,Dead,217.0,19066.0,217.0,52.199863107460644,7.134168393,1:DECEASED
ee24d28e-2ecb-46c3-9b38-1512e74f6617.wxs.aliquot_ensemble_masked.maf,TCGA-R5-A804-01A-11D-A364-08,TCGA-R5-A804,TCGA-R5-A804-01,86,61,2.033333333333333,,unknown,male,Dead,140.0,20026.0,140.0,54.82819986310746,4.602689286,1:DECEASED
ee2ce6d1-efe9-48cf-8bc4-79425d298bb5.wxs.aliquot_ensemble_masked.maf,TCGA-CG-5724-01A-11D-1600-08,TCGA-CG-5724,TCGA-CG-5724-01,113,83,2.7666666666666666,CIN,official_TCGA,male,Dead,366.0,21762.0,366.0,59.58110882956879,12.03274485,1:DECEASED
ee3eb85d-a5b7-4108-ab4b-e658929ebff4.wxs.aliquot_ensemble_masked.maf,TCGA-CD-A4MI-01A-21D-A25D-08,TCGA-CD-A4MI,TCGA-CD-A4MI-01,1190,912,30.4,MSI,official_TCGA,male,Dead,358.0,22721.0,358.0,62.20670773442848,11.76973403,1:DECEASED
ee898cc6-1718-4fec-9ce4-06750e6afd12.wxs.aliquot_ensemble_masked.maf,TCGA-BR-A4CS-01A-11D-A24D-08,TCGA-BR-A4CS,TCGA-BR-A4CS-01,157,121,4.033333333333333,CIN,official_TCGA,male,Dead,45.0,28211.0,45.0,77.2375085557837,1.479435842,1:DECEASED
ef4297a9-dff0-4559-a091-d6d7e174c5f5.wxs.aliquot_ensemble_masked.maf,TCGA-IN-A6RR-01A-12D-A32N-08,TCGA-IN-A6RR,TCGA-IN-A6RR-01,156,111,3.7,CIN,official_TCGA,male,Dead,205.0,30734.0,205.0,84.145106091718,6.739652168,1:DECEASED
efb7fb8f-e131-454e-bcb4-d837ea87f73c.wxs.aliquot_ensemble_masked.maf,TCGA-HU-8604-01A-11D-2394-08,TCGA-HU-8604,TCGA-HU-8604-01,230,166,5.533333333333333,CIN,official_TCGA,female,Alive,,30178.0,694.0,82.62286105407256,22.81618832,0:LIVING
efbd9019-cb8c-4932-87f2-d566bda9dc79.wxs.aliquot_ensemble_masked.maf,TCGA-HU-A4H4-01A-21D-A25D-08,TCGA-HU-A4H4,TCGA-HU-A4H4-01,724,537,17.9,MSI,official_TCGA,female,Alive,,19665.0,725.0,53.83983572895277,23.83535523,0:LIVING
f0cc9559-bf0f-4749-bea5-a9e15d319a9b.wxs.aliquot_ensemble_masked.maf,TCGA-BR-4257-01A-01D-1126-08,TCGA-BR-4257,TCGA-BR-4257-01,1315,954,31.8,MSI,official_TCGA,female,Dead,294.0,29014.0,294.0,79.43600273785079,9.6656475,1:DECEASED
f0e1ba61-0c33-4f98-85bb-5d4d856752a7.wxs.aliquot_ensemble_masked.maf,TCGA-CG-4442-01A-01D-1158-08,TCGA-CG-4442,TCGA-CG-4442-01,1715,1301,43.36666666666667,MSI,official_TCGA,male,Alive,,31350.0,0.0,85.83162217659138,0.0,0:LIVING
f1095ae2-9387-4c0d-a675-a37114f2f344.wxs.aliquot_ensemble_masked.maf,TCGA-R5-A7ZR-01A-11D-A34U-08,TCGA-R5-A7ZR,TCGA-R5-A7ZR-01,74,55,1.8333333333333333,CIN,official_TCGA,female,Dead,185.0,25795.0,185.0,70.62286105407256,6.082125127,1:DECEASED
f10d4569-505a-4e02-9237-66eff4ff0aad.wxs.aliquot_ensemble_masked.maf,TCGA-BR-8360-01A-11D-2340-08,TCGA-BR-8360,TCGA-BR-8360-01,1047,776,25.866666666666667,,unknown,male,Alive,,24394.0,188.0,66.78713210130049,6.180754184,0:LIVING
f211f81a-f052-4456-bb1a-460219b7b810.wxs.aliquot_ensemble_masked.maf,TCGA-BR-4369-01A-01D-1158-08,TCGA-BR-4369,TCGA-BR-4369-01,184,134,4.466666666666667,CIN,official_TCGA,male,Alive,,27509.0,0.0,75.31553730321697,0.0,0:LIVING
f26a1912-6ba0-4b99-b1ff-673812d6fd0d.wxs.aliquot_ensemble_masked.maf,TCGA-BR-6709-01A-11D-1882-08,TCGA-BR-6709,TCGA-BR-6709-01,38,28,0.9333333333333332,,unknown,female,Dead,370.0,20935.0,370.0,57.31690622861054,12.16425026,1:DECEASED
f31ef5b3-420a-4e6f-b6d9-0e3473d41c4e.wxs.aliquot_ensemble_masked.maf,TCGA-CG-4475-01A-01D-1158-08,TCGA-CG-4475,TCGA-CG-4475-01,56,42,1.4,CIN,official_TCGA,male,Alive,,,,,22.98057008,0:LIVING
f34c01fc-dce5-4f4e-85a0-d7525fc9cb17.wxs.aliquot_ensemble_masked.maf,TCGA-BR-8678-01A-11D-2394-08,TCGA-BR-8678,TCGA-BR-8678-01,120,94,3.1333333333333333,CIN,official_TCGA,male,Alive,,28037.0,754.0,76.76112251882273,24.78876944,0:LIVING
f59aca99-c4ee-4e9e-bdb1-0d696728671b.wxs.aliquot_ensemble_masked.maf,TCGA-F1-6874-01A-11D-1882-08,TCGA-F1-6874,TCGA-F1-6874-01,1070,802,26.73333333333333,MSI,official_TCGA,male,Alive,,29083.0,440.0,79.6249144421629,14.4655949,0:LIVING
f627d49e-b594-473e-8a6f-301c89a9caa0.wxs.aliquot_ensemble_masked.maf,TCGA-BR-A4J7-01A-31D-A25D-08,TCGA-BR-A4J7,TCGA-BR-A4J7-01,42,28,0.9333333333333332,CIN,official_TCGA,male,Alive,,17932.0,989.0,49.09514031485284,32.51471217,0:LIVING
f7503ceb-e07c-40cb-bfbe-2ed7a9342c0e.wxs.aliquot_ensemble_masked.maf,TCGA-CD-8533-01A-11D-2340-08,TCGA-CD-8533,TCGA-CD-8533-01,126,87,2.9,,unknown,male,Alive,,17821.0,468.0,48.79123887748118,15.38613276,0:LIVING
f8d52900-a70a-41e3-beb9-236bffe0c34a.wxs.aliquot_ensemble_masked.maf,TCGA-HU-A4GH-01A-11D-A24D-08,TCGA-HU-A4GH,TCGA-HU-A4GH-01,797,639,21.3,POLE,official_TCGA,male,Alive,,27473.0,358.0,75.21697467488022,11.76973403,0:LIVING
f921ea9a-ebb3-48e7-aa80-c03963ada103.wxs.aliquot_ensemble_masked.maf,TCGA-BR-A4QL-01A-31D-A25D-08,TCGA-BR-A4QL,TCGA-BR-A4QL-01,2114,1616,53.86666666666667,,unknown,female,Dead,491.0,27668.0,491.0,75.75085557837097,16.14228885,1:DECEASED
f9ddd2e0-596a-4368-856b-7d7c539c728b.wxs.aliquot_ensemble_masked.maf,TCGA-CG-5734-01A-11D-1600-08,TCGA-CG-5734,TCGA-CG-5734-01,75,60,2.0,CIN,official_TCGA,male,Dead,243.0,25079.0,243.0,68.66255989048597,7.988953546,1:DECEASED
f9fe62ce-2744-4c21-af51-f7c8a2ee5526.wxs.aliquot_ensemble_masked.maf,TCGA-BR-4253-01A-01D-1126-08,TCGA-BR-4253,TCGA-BR-4253-01,95,72,2.4,EBV,official_TCGA,female,Dead,124.0,29397.0,124.0,80.48459958932239,4.076667653,1:DECEASED
fa0295d7-7159-44cb-ae3f-f1bdd7f81276.wxs.aliquot_ensemble_masked.maf,TCGA-BR-8485-01A-11D-2394-08,TCGA-BR-8485,TCGA-BR-8485-01,335,253,8.433333333333334,CIN,official_TCGA,female,Alive,,24845.0,280.0,68.02190280629706,9.205378571,0:LIVING
faf07e3d-302d-481c-b3c6-20351a4ffae3.wxs.aliquot_ensemble_masked.maf,TCGA-VQ-A91D-01A-11D-A410-08,TCGA-VQ-A91D,TCGA-VQ-A91D-01,2766,2069,68.96666666666667,MSI,official_TCGA,male,Dead,356.0,25686.0,356.0,70.32443531827515,11.70398133,1:DECEASED
fb31a824-53a0-438d-98c1-f426f08245ae.wxs.aliquot_ensemble_masked.maf,TCGA-HU-8608-01A-11D-2394-08,TCGA-HU-8608,TCGA-HU-8608-01,99,76,2.533333333333333,EBV,official_TCGA,male,Alive,,25789.0,641.0,70.60643394934976,21.07374166,0:LIVING
fb3f0010-6d19-4d0e-b5e9-b4ef90907957.wxs.aliquot_ensemble_masked.maf,TCGA-BR-8676-01A-11D-2394-08,TCGA-BR-8676,TCGA-BR-8676-01,85,62,2.066666666666667,,unknown,male,Alive,,21619.0,229.0,59.1895961670089,7.528684617,0:LIVING
fbcea121-2a5f-489b-a9a8-8a5a02d59853.wxs.aliquot_ensemble_masked.maf,TCGA-VQ-A94T-01A-11D-A410-08,TCGA-VQ-A94T,TCGA-VQ-A94T-01,81,57,1.9,CIN,official_TCGA,male,Dead,342.0,26702.0,342.0,73.10609171800137,11.2437124,1:DECEASED
fc0b4a68-e0f8-482b-b9d8-bd9dec13971a.wxs.aliquot_ensemble_masked.maf,TCGA-VQ-A922-01A-11D-A410-08,TCGA-VQ-A922,TCGA-VQ-A922-01,151,112,3.733333333333333,CIN,official_TCGA,male,Dead,275.0,25952.0,,71.05270362765229,9.040996811,1:DECEASED
fced14ed-a6f4-4e7e-80a3-f5441845994c.wxs.aliquot_ensemble_masked.maf,TCGA-HU-8244-01A-11D-2340-08,TCGA-HU-8244,TCGA-HU-8244-01,136,90,3.0,,unknown,female,Alive,,28184.0,742.0,77.16358658453115,24.39425321,0:LIVING
fd06ca0d-a6d2-4645-a3b2-f1a807405b15.wxs.aliquot_ensemble_masked.maf,TCGA-BR-8363-01A-11D-2340-08,TCGA-BR-8363,TCGA-BR-8363-01,1467,1123,37.43333333333333,MSI,official_TCGA,female,Dead,8.0,26976.0,8.0,73.85626283367556,0.263010816,1:DECEASED
fd9219b8-4322-4633-bd83-0b686f61248b.wxs.aliquot_ensemble_masked.maf,TCGA-BR-A4IU-01A-22D-A25D-08,TCGA-BR-A4IU,TCGA-BR-A4IU-01,21,17,0.5666666666666667,GS,official_TCGA,female,Alive,,12601.0,838.0,34.49965776865161,27.55038301,0:LIVING
fe2a2633-182c-4a6a-9dcc-4e0ef4fec3cc.wxs.aliquot_ensemble_masked.maf,TCGA-RD-A8N5-01A-12D-A364-08,TCGA-RD-A8N5,TCGA-RD-A8N5-01,29,24,0.8,CIN,official_TCGA,male,Dead,1747.0,28589.0,1747.0,78.27241615331964,57.43498701,1:DECEASED
fe5c9151-9a84-4211-a696-c9190ef90da7.wxs.aliquot_ensemble_masked.maf,TCGA-VQ-A91Y-01A-11D-A410-08,TCGA-VQ-A91Y,TCGA-VQ-A91Y-01,48,38,1.2666666666666666,CIN,official_TCGA,male,Dead,296.0,24774.0,296.0,67.82751540041068,9.731400204,1:DECEASED
feb868c3-8568-4d3e-b3b8-afe42206b37b.wxs.aliquot_ensemble_masked.maf,TCGA-CG-4301-01A-01D-1158-08,TCGA-CG-4301,TCGA-CG-4301-01,54,41,1.3666666666666667,CIN,official_TCGA,female,Alive,,27516.0,92.0,75.33470225872689,3.024624388,0:LIVING
ff524fc6-6c4e-4646-a27e-7d6067df8005.wxs.aliquot_ensemble_masked.maf,TCGA-HU-A4GF-01A-11D-A24D-08,TCGA-HU-A4GF,TCGA-HU-A4GF-01,149,116,3.8666666666666663,CIN,official_TCGA,male,Alive,,25223.0,785.0,69.056810403833,25.80793635,0:LIVING
ffee82e6-3512-4a80-b73d-5960aa751a1d.wxs.aliquot_ensemble_masked.maf,TCGA-IN-8663-01A-11D-2394-08,TCGA-IN-8663,TCGA-IN-8663-01,172,125,4.166666666666667,CIN,official_TCGA,male,Dead,103.0,25172.0,103.0,68.91718001368925,3.38626426,1:DECEASED
